user_id,segment,signup_date
1,Курьеры,2024-10-16
2,Фрилансеры,2024-11-24
3,Фрилансеры,2024-08-22
4,Курьеры,2024-11-26
5,Мастера услуг,2024-09-06
6,Курьеры,2024-09-09
7,Таксисты,2024-12-02
8,Мастера услуг,2024-10-14
9,Фрилансеры,2024-09-03
10,Мастера услуг,2024-10-21
11,Мастера услуг,2024-08-25
12,Курьеры,2024-11-06
13,Таксисты,2024-08-09
14,Фрилансеры,2024-12-12
15,Таксисты,2024-09-22
16,Курьеры,2024-11-06
17,Курьеры,2024-10-23
18,Курьеры,2024-08-03
19,Мастера услуг,2024-09-01
20,Курьеры,2024-11-21
21,Курьеры,2024-11-13
22,Таксисты,2025-01-17
23,Курьеры,2024-12-31
24,Мастера услуг,2024-10-29
25,Фрилансеры,2024-11-09
26,Курьеры,2024-10-29
27,Таксисты,2024-10-13
28,Фрилансеры,2024-12-01
29,Курьеры,2025-01-23
30,Курьеры,2024-10-25
31,Курьеры,2024-08-06
32,Мастера услуг,2024-12-19
33,Фрилансеры,2024-08-12
34,Мастера услуг,2024-10-21
35,Мастера услуг,2024-09-03
36,Мастера услуг,2025-01-26
37,Курьеры,2024-12-07
38,Таксисты,2024-08-30
39,Мастера услуг,2024-08-16
40,Мастера услуг,2024-09-13
41,Курьеры,2024-08-31
42,Таксисты,2024-11-13
43,Курьеры,2025-01-09
44,Фрилансеры,2024-10-30
45,Фрилансеры,2024-10-24
46,Таксисты,2024-12-08
47,Мастера услуг,2024-10-30
48,Мастера услуг,2025-01-22
49,Курьеры,2024-09-18
50,Курьеры,2024-09-27
51,Таксисты,2025-01-08
52,Курьеры,2024-08-07
53,Мастера услуг,2024-12-31
54,Курьеры,2024-10-18
55,Курьеры,2025-01-14
56,Курьеры,2024-10-20
57,Таксисты,2024-12-19
58,Фрилансеры,2024-11-28
59,Курьеры,2024-11-11
60,Курьеры,2024-08-26
61,Фрилансеры,2024-12-10
62,Курьеры,2024-08-16
63,Курьеры,2024-08-13
64,Мастера услуг,2024-08-18
65,Фрилансеры,2024-08-29
66,Курьеры,2025-01-16
67,Курьеры,2025-01-10
68,Курьеры,2024-12-04
69,Фрилансеры,2024-12-21
70,Мастера услуг,2024-08-11
71,Таксисты,2024-09-30
72,Таксисты,2024-12-28
73,Мастера услуг,2024-12-04
74,Курьеры,2024-11-23
75,Таксисты,2024-09-26
76,Мастера услуг,2024-11-10
77,Курьеры,2024-12-27
78,Курьеры,2024-08-27
79,Мастера услуг,2024-11-18
80,Таксисты,2024-11-30
81,Курьеры,2024-09-25
82,Курьеры,2024-11-10
83,Таксисты,2024-08-25
84,Курьеры,2024-08-03
85,Курьеры,2024-10-17
86,Курьеры,2024-12-27
87,Фрилансеры,2025-01-10
88,Фрилансеры,2025-01-05
89,Мастера услуг,2025-01-04
90,Таксисты,2024-08-29
91,Фрилансеры,2025-01-25
92,Таксисты,2024-09-08
93,Фрилансеры,2025-01-01
94,Курьеры,2024-10-26
95,Фрилансеры,2024-10-03
96,Курьеры,2025-01-07
97,Курьеры,2024-08-02
98,Курьеры,2024-12-09
99,Фрилансеры,2024-08-21
100,Курьеры,2024-08-15
101,Фрилансеры,2025-01-10
102,Таксисты,2024-11-22
103,Курьеры,2024-11-10
104,Мастера услуг,2024-08-18
105,Курьеры,2024-08-16
106,Мастера услуг,2024-10-02
107,Фрилансеры,2024-12-04
108,Таксисты,2024-08-04
109,Фрилансеры,2024-08-28
110,Курьеры,2024-10-24
111,Мастера услуг,2024-08-10
112,Курьеры,2024-11-18
113,Фрилансеры,2024-09-02
114,Курьеры,2024-11-24
115,Таксисты,2024-08-05
116,Фрилансеры,2024-10-01
117,Мастера услуг,2024-08-06
118,Курьеры,2024-11-08
119,Мастера услуг,2024-11-20
120,Курьеры,2025-01-02
121,Мастера услуг,2025-01-24
122,Фрилансеры,2024-11-12
123,Курьеры,2025-01-09
124,Фрилансеры,2024-10-28
125,Курьеры,2024-08-20
126,Курьеры,2025-01-04
127,Курьеры,2024-08-04
128,Таксисты,2024-09-19
129,Таксисты,2024-08-23
130,Мастера услуг,2024-11-23
131,Курьеры,2024-08-18
132,Мастера услуг,2024-10-24
133,Курьеры,2024-09-11
134,Мастера услуг,2024-09-18
135,Курьеры,2024-10-09
136,Мастера услуг,2024-10-10
137,Курьеры,2024-08-01
138,Курьеры,2025-01-16
139,Фрилансеры,2024-08-14
140,Мастера услуг,2024-12-23
141,Таксисты,2024-11-13
142,Курьеры,2025-01-02
143,Фрилансеры,2024-10-09
144,Фрилансеры,2024-11-15
145,Курьеры,2024-11-08
146,Мастера услуг,2024-09-10
147,Мастера услуг,2024-09-04
148,Курьеры,2024-11-08
149,Фрилансеры,2024-08-17
150,Мастера услуг,2024-12-30
151,Курьеры,2024-08-17
152,Мастера услуг,2024-11-23
153,Таксисты,2024-09-17
154,Курьеры,2024-12-12
155,Таксисты,2024-10-12
156,Курьеры,2024-10-07
157,Фрилансеры,2024-10-10
158,Мастера услуг,2024-12-06
159,Курьеры,2024-09-22
160,Мастера услуг,2024-08-16
161,Мастера услуг,2025-01-06
162,Курьеры,2024-09-24
163,Курьеры,2024-10-15
164,Таксисты,2024-08-16
165,Курьеры,2024-09-19
166,Фрилансеры,2024-12-24
167,Курьеры,2024-08-28
168,Курьеры,2024-12-19
169,Таксисты,2024-09-14
170,Фрилансеры,2024-10-18
171,Таксисты,2024-09-25
172,Мастера услуг,2024-09-20
173,Таксисты,2024-12-14
174,Таксисты,2024-08-14
175,Мастера услуг,2024-08-05
176,Фрилансеры,2024-10-23
177,Курьеры,2024-09-10
178,Курьеры,2025-01-03
179,Курьеры,2024-08-08
180,Таксисты,2025-01-07
181,Курьеры,2024-12-25
182,Таксисты,2024-08-26
183,Курьеры,2024-11-16
184,Курьеры,2024-12-13
185,Мастера услуг,2024-09-28
186,Фрилансеры,2024-08-27
187,Фрилансеры,2024-12-04
188,Курьеры,2024-11-15
189,Фрилансеры,2024-12-13
190,Мастера услуг,2025-01-19
191,Мастера услуг,2024-09-20
192,Фрилансеры,2024-12-06
193,Таксисты,2024-12-17
194,Таксисты,2024-11-29
195,Мастера услуг,2024-08-28
196,Таксисты,2024-12-24
197,Таксисты,2024-08-03
198,Курьеры,2024-10-09
199,Фрилансеры,2024-10-08
200,Курьеры,2024-09-15
201,Мастера услуг,2024-11-29
202,Курьеры,2024-12-14
203,Мастера услуг,2024-09-28
204,Курьеры,2024-12-30
205,Курьеры,2024-08-08
206,Таксисты,2024-11-07
207,Курьеры,2024-11-22
208,Мастера услуг,2024-12-28
209,Курьеры,2024-12-15
210,Таксисты,2024-11-18
211,Таксисты,2025-01-03
212,Таксисты,2024-11-07
213,Курьеры,2024-08-08
214,Фрилансеры,2024-12-14
215,Мастера услуг,2024-11-21
216,Курьеры,2024-10-06
217,Таксисты,2024-09-27
218,Курьеры,2024-11-22
219,Курьеры,2024-12-29
220,Мастера услуг,2024-09-12
221,Таксисты,2025-01-13
222,Фрилансеры,2024-10-30
223,Таксисты,2025-01-27
224,Курьеры,2025-01-17
225,Фрилансеры,2024-08-04
226,Фрилансеры,2024-12-05
227,Курьеры,2024-10-12
228,Курьеры,2024-11-06
229,Курьеры,2024-10-13
230,Таксисты,2025-01-22
231,Таксисты,2024-10-12
232,Курьеры,2024-08-12
233,Мастера услуг,2024-09-16
234,Таксисты,2024-09-17
235,Курьеры,2025-01-19
236,Таксисты,2024-08-23
237,Фрилансеры,2024-10-11
238,Таксисты,2024-08-07
239,Курьеры,2024-12-02
240,Таксисты,2024-10-16
241,Курьеры,2024-12-14
242,Курьеры,2024-11-06
243,Таксисты,2024-09-10
244,Таксисты,2024-12-26
245,Таксисты,2024-11-14
246,Курьеры,2024-10-28
247,Таксисты,2024-12-23
248,Курьеры,2025-01-03
249,Курьеры,2024-10-13
250,Курьеры,2024-10-05
251,Таксисты,2024-11-20
252,Курьеры,2024-09-19
253,Мастера услуг,2024-11-07
254,Курьеры,2024-08-02
255,Мастера услуг,2024-09-25
256,Таксисты,2024-10-04
257,Фрилансеры,2024-08-22
258,Мастера услуг,2024-10-30
259,Фрилансеры,2024-08-14
260,Курьеры,2024-10-04
261,Курьеры,2024-11-12
262,Курьеры,2024-11-18
263,Таксисты,2024-11-12
264,Таксисты,2024-10-10
265,Таксисты,2024-10-30
266,Таксисты,2024-12-25
267,Курьеры,2024-12-26
268,Мастера услуг,2024-09-09
269,Мастера услуг,2024-08-10
270,Мастера услуг,2024-09-16
271,Мастера услуг,2024-12-12
272,Таксисты,2024-12-15
273,Мастера услуг,2024-08-06
274,Курьеры,2024-08-15
275,Курьеры,2024-10-06
276,Фрилансеры,2024-12-01
277,Фрилансеры,2024-11-28
278,Фрилансеры,2024-09-28
279,Мастера услуг,2024-08-31
280,Таксисты,2025-01-23
281,Курьеры,2024-08-11
282,Таксисты,2025-01-11
283,Курьеры,2025-01-13
284,Таксисты,2024-11-15
285,Курьеры,2024-11-09
286,Мастера услуг,2024-09-04
287,Таксисты,2024-11-13
288,Фрилансеры,2024-09-15
289,Таксисты,2024-10-30
290,Мастера услуг,2024-12-03
291,Мастера услуг,2025-01-27
292,Мастера услуг,2024-11-18
293,Мастера услуг,2024-10-07
294,Курьеры,2024-09-02
295,Таксисты,2024-09-13
296,Таксисты,2024-12-16
297,Курьеры,2024-08-27
298,Таксисты,2024-11-26
299,Таксисты,2024-12-27
300,Фрилансеры,2024-11-29
301,Таксисты,2025-01-26
302,Курьеры,2024-08-28
303,Таксисты,2024-10-08
304,Мастера услуг,2024-12-29
305,Курьеры,2024-08-13
306,Фрилансеры,2024-08-11
307,Мастера услуг,2024-09-18
308,Таксисты,2024-09-11
309,Мастера услуг,2024-12-17
310,Курьеры,2024-12-06
311,Курьеры,2024-12-10
312,Фрилансеры,2024-12-26
313,Мастера услуг,2024-08-16
314,Курьеры,2025-01-05
315,Курьеры,2024-08-28
316,Таксисты,2025-01-14
317,Мастера услуг,2025-01-22
318,Таксисты,2024-08-06
319,Фрилансеры,2024-10-29
320,Фрилансеры,2024-11-11
321,Фрилансеры,2024-12-11
322,Таксисты,2024-09-12
323,Мастера услуг,2024-12-05
324,Курьеры,2024-10-12
325,Мастера услуг,2024-12-14
326,Мастера услуг,2025-01-02
327,Фрилансеры,2024-10-09
328,Курьеры,2024-10-02
329,Таксисты,2024-10-19
330,Мастера услуг,2024-10-03
331,Таксисты,2024-12-26
332,Курьеры,2024-10-11
333,Фрилансеры,2024-11-02
334,Курьеры,2025-01-14
335,Курьеры,2024-09-29
336,Курьеры,2024-11-06
337,Мастера услуг,2024-08-11
338,Таксисты,2024-11-04
339,Мастера услуг,2024-10-29
340,Курьеры,2024-11-07
341,Мастера услуг,2024-08-24
342,Таксисты,2024-09-25
343,Курьеры,2024-12-25
344,Мастера услуг,2024-08-26
345,Курьеры,2024-11-09
346,Таксисты,2024-09-23
347,Курьеры,2024-08-30
348,Таксисты,2024-09-26
349,Фрилансеры,2024-11-16
350,Фрилансеры,2024-11-23
351,Фрилансеры,2025-01-05
352,Таксисты,2024-11-24
353,Курьеры,2024-10-27
354,Фрилансеры,2024-09-08
355,Курьеры,2024-08-25
356,Мастера услуг,2024-12-28
357,Фрилансеры,2025-01-10
358,Таксисты,2024-11-25
359,Таксисты,2024-12-18
360,Фрилансеры,2024-08-14
361,Мастера услуг,2024-11-04
362,Курьеры,2024-10-02
363,Фрилансеры,2024-12-03
364,Фрилансеры,2024-12-18
365,Таксисты,2024-08-08
366,Фрилансеры,2025-01-07
367,Курьеры,2024-12-12
368,Курьеры,2024-12-06
369,Таксисты,2024-11-10
370,Курьеры,2024-08-13
371,Курьеры,2024-08-01
372,Таксисты,2024-08-19
373,Мастера услуг,2024-12-04
374,Мастера услуг,2024-12-25
375,Мастера услуг,2024-08-03
376,Мастера услуг,2024-12-13
377,Фрилансеры,2024-08-04
378,Мастера услуг,2024-09-19
379,Фрилансеры,2024-09-08
380,Мастера услуг,2024-12-31
381,Мастера услуг,2024-11-19
382,Мастера услуг,2024-11-27
383,Таксисты,2024-08-27
384,Таксисты,2024-12-06
385,Фрилансеры,2024-11-17
386,Курьеры,2025-01-19
387,Таксисты,2024-08-21
388,Таксисты,2024-10-17
389,Мастера услуг,2024-12-26
390,Мастера услуг,2024-09-25
391,Фрилансеры,2024-08-29
392,Фрилансеры,2025-01-04
393,Мастера услуг,2024-09-03
394,Курьеры,2024-12-28
395,Курьеры,2024-10-17
396,Мастера услуг,2024-08-02
397,Таксисты,2024-11-22
398,Мастера услуг,2024-11-23
399,Таксисты,2024-09-11
400,Мастера услуг,2025-01-23
401,Курьеры,2024-09-04
402,Курьеры,2024-11-09
403,Курьеры,2024-09-15
404,Курьеры,2024-08-18
405,Таксисты,2024-08-18
406,Таксисты,2025-01-05
407,Фрилансеры,2024-08-22
408,Мастера услуг,2025-01-17
409,Мастера услуг,2024-12-18
410,Мастера услуг,2024-09-24
411,Мастера услуг,2024-10-11
412,Таксисты,2024-10-18
413,Курьеры,2024-09-07
414,Таксисты,2025-01-12
415,Мастера услуг,2024-10-03
416,Курьеры,2024-09-16
417,Курьеры,2024-09-06
418,Курьеры,2024-11-01
419,Мастера услуг,2024-09-20
420,Фрилансеры,2024-11-20
421,Мастера услуг,2024-11-02
422,Таксисты,2024-10-04
423,Мастера услуг,2024-10-02
424,Мастера услуг,2024-11-02
425,Мастера услуг,2024-08-21
426,Мастера услуг,2024-09-01
427,Курьеры,2024-11-29
428,Мастера услуг,2024-10-17
429,Курьеры,2024-10-28
430,Таксисты,2024-11-20
431,Курьеры,2024-12-05
432,Курьеры,2024-11-14
433,Таксисты,2024-08-18
434,Мастера услуг,2024-08-21
435,Курьеры,2024-11-30
436,Мастера услуг,2025-01-11
437,Фрилансеры,2024-12-26
438,Курьеры,2024-11-05
439,Курьеры,2024-09-19
440,Курьеры,2024-08-27
441,Курьеры,2024-12-07
442,Мастера услуг,2025-01-17
443,Таксисты,2024-10-13
444,Курьеры,2024-09-29
445,Фрилансеры,2024-12-30
446,Фрилансеры,2024-12-17
447,Фрилансеры,2024-08-14
448,Фрилансеры,2024-08-18
449,Мастера услуг,2024-12-11
450,Курьеры,2024-09-28
451,Мастера услуг,2024-11-16
452,Мастера услуг,2024-12-09
453,Мастера услуг,2024-10-30
454,Мастера услуг,2024-12-02
455,Курьеры,2024-12-08
456,Курьеры,2024-09-16
457,Курьеры,2024-10-16
458,Мастера услуг,2024-09-22
459,Таксисты,2024-11-21
460,Курьеры,2024-11-30
461,Фрилансеры,2025-01-13
462,Курьеры,2024-12-20
463,Фрилансеры,2024-11-15
464,Мастера услуг,2024-09-10
465,Курьеры,2025-01-17
466,Мастера услуг,2024-08-14
467,Курьеры,2024-10-05
468,Таксисты,2024-12-01
469,Курьеры,2025-01-18
470,Фрилансеры,2024-09-24
471,Мастера услуг,2024-10-22
472,Фрилансеры,2024-08-11
473,Мастера услуг,2024-11-27
474,Фрилансеры,2024-11-29
475,Таксисты,2024-11-12
476,Мастера услуг,2024-11-08
477,Курьеры,2024-10-05
478,Фрилансеры,2024-11-11
479,Курьеры,2025-01-10
480,Фрилансеры,2024-12-21
481,Таксисты,2025-01-07
482,Таксисты,2024-10-05
483,Курьеры,2025-01-27
484,Фрилансеры,2024-11-11
485,Фрилансеры,2024-09-15
486,Курьеры,2025-01-21
487,Таксисты,2024-11-14
488,Фрилансеры,2025-01-24
489,Курьеры,2024-11-05
490,Курьеры,2025-01-16
491,Мастера услуг,2024-09-17
492,Таксисты,2024-12-20
493,Таксисты,2024-08-16
494,Курьеры,2024-10-20
495,Таксисты,2024-12-19
496,Курьеры,2024-08-16
497,Курьеры,2024-09-25
498,Таксисты,2024-09-10
499,Мастера услуг,2024-11-07
500,Фрилансеры,2024-08-26
501,Фрилансеры,2024-09-25
502,Мастера услуг,2024-08-06
503,Курьеры,2025-01-27
504,Таксисты,2024-08-23
505,Фрилансеры,2024-09-15
506,Мастера услуг,2025-01-01
507,Фрилансеры,2024-08-13
508,Таксисты,2024-11-25
509,Таксисты,2025-01-25
510,Мастера услуг,2024-08-01
511,Фрилансеры,2024-12-01
512,Таксисты,2024-08-27
513,Курьеры,2024-11-15
514,Фрилансеры,2024-09-15
515,Курьеры,2024-11-10
516,Курьеры,2024-12-15
517,Таксисты,2025-01-01
518,Таксисты,2024-10-10
519,Курьеры,2024-12-12
520,Мастера услуг,2024-08-12
521,Мастера услуг,2024-12-11
522,Таксисты,2024-08-04
523,Фрилансеры,2024-11-14
524,Фрилансеры,2024-11-04
525,Курьеры,2024-10-11
526,Фрилансеры,2024-10-06
527,Мастера услуг,2024-10-30
528,Мастера услуг,2024-08-07
529,Курьеры,2024-12-20
530,Курьеры,2024-09-27
531,Курьеры,2024-12-02
532,Фрилансеры,2024-10-18
533,Курьеры,2024-10-14
534,Мастера услуг,2024-09-30
535,Курьеры,2024-10-27
536,Таксисты,2024-12-26
537,Фрилансеры,2025-01-22
538,Курьеры,2024-10-07
539,Мастера услуг,2024-10-24
540,Мастера услуг,2024-08-17
541,Мастера услуг,2024-12-10
542,Курьеры,2024-09-30
543,Мастера услуг,2024-10-14
544,Курьеры,2024-11-08
545,Таксисты,2024-09-21
546,Мастера услуг,2024-12-18
547,Курьеры,2024-09-18
548,Курьеры,2024-10-12
549,Таксисты,2024-09-22
550,Фрилансеры,2024-11-05
551,Таксисты,2024-08-27
552,Фрилансеры,2024-09-11
553,Мастера услуг,2024-10-28
554,Фрилансеры,2024-12-24
555,Таксисты,2024-09-28
556,Мастера услуг,2024-11-20
557,Курьеры,2024-10-21
558,Курьеры,2025-01-21
559,Таксисты,2025-01-10
560,Курьеры,2024-08-28
561,Фрилансеры,2024-09-24
562,Курьеры,2024-08-14
563,Фрилансеры,2024-10-22
564,Фрилансеры,2024-08-06
565,Таксисты,2024-08-03
566,Курьеры,2024-10-03
567,Фрилансеры,2024-08-07
568,Курьеры,2024-08-16
569,Курьеры,2024-08-10
570,Курьеры,2024-11-14
571,Курьеры,2024-12-22
572,Курьеры,2024-11-03
573,Таксисты,2024-08-14
574,Курьеры,2024-08-20
575,Курьеры,2024-10-12
576,Таксисты,2024-09-06
577,Мастера услуг,2024-09-08
578,Таксисты,2024-10-28
579,Фрилансеры,2024-10-19
580,Фрилансеры,2025-01-20
581,Курьеры,2024-10-22
582,Мастера услуг,2024-11-13
583,Таксисты,2025-01-06
584,Мастера услуг,2024-10-30
585,Курьеры,2024-08-27
586,Фрилансеры,2024-08-08
587,Фрилансеры,2024-12-28
588,Мастера услуг,2024-10-24
589,Фрилансеры,2024-11-09
590,Курьеры,2024-11-06
591,Таксисты,2024-10-21
592,Курьеры,2024-08-23
593,Таксисты,2024-10-30
594,Фрилансеры,2024-12-01
595,Курьеры,2025-01-02
596,Курьеры,2024-10-17
597,Мастера услуг,2024-09-16
598,Таксисты,2024-08-19
599,Фрилансеры,2024-11-17
600,Мастера услуг,2024-11-08
601,Таксисты,2024-08-14
602,Таксисты,2024-08-10
603,Фрилансеры,2024-12-16
604,Мастера услуг,2024-12-10
605,Таксисты,2025-01-15
606,Фрилансеры,2024-12-12
607,Мастера услуг,2024-10-24
608,Курьеры,2024-09-06
609,Курьеры,2024-12-25
610,Курьеры,2024-09-11
611,Мастера услуг,2024-11-24
612,Курьеры,2025-01-10
613,Мастера услуг,2024-11-13
614,Курьеры,2024-08-22
615,Курьеры,2024-10-16
616,Курьеры,2025-01-27
617,Мастера услуг,2024-11-15
618,Таксисты,2024-08-15
619,Таксисты,2025-01-06
620,Курьеры,2024-12-18
621,Курьеры,2024-10-06
622,Курьеры,2024-12-02
623,Курьеры,2024-11-28
624,Мастера услуг,2024-08-28
625,Курьеры,2024-12-20
626,Мастера услуг,2024-11-06
627,Мастера услуг,2024-10-31
628,Фрилансеры,2024-09-06
629,Курьеры,2024-12-26
630,Мастера услуг,2024-08-02
631,Курьеры,2024-08-08
632,Фрилансеры,2024-08-04
633,Фрилансеры,2024-11-03
634,Фрилансеры,2024-08-19
635,Мастера услуг,2024-11-25
636,Таксисты,2024-11-28
637,Курьеры,2025-01-01
638,Таксисты,2024-12-03
639,Фрилансеры,2024-11-08
640,Таксисты,2025-01-11
641,Курьеры,2024-12-21
642,Курьеры,2024-11-13
643,Мастера услуг,2024-10-15
644,Таксисты,2024-10-19
645,Мастера услуг,2025-01-01
646,Курьеры,2025-01-20
647,Мастера услуг,2024-12-10
648,Курьеры,2025-01-18
649,Мастера услуг,2024-12-27
650,Курьеры,2024-10-27
651,Мастера услуг,2024-09-27
652,Фрилансеры,2024-09-22
653,Мастера услуг,2025-01-16
654,Мастера услуг,2025-01-08
655,Курьеры,2024-10-18
656,Таксисты,2024-09-19
657,Таксисты,2024-12-07
658,Курьеры,2024-10-15
659,Курьеры,2024-08-22
660,Мастера услуг,2024-09-12
661,Таксисты,2024-12-27
662,Фрилансеры,2024-11-11
663,Таксисты,2024-10-16
664,Фрилансеры,2024-09-13
665,Курьеры,2024-10-07
666,Таксисты,2024-12-13
667,Мастера услуг,2024-11-30
668,Фрилансеры,2024-09-26
669,Таксисты,2024-10-04
670,Таксисты,2024-10-29
671,Таксисты,2024-09-13
672,Курьеры,2024-10-23
673,Курьеры,2024-09-02
674,Таксисты,2024-11-23
675,Курьеры,2024-12-19
676,Курьеры,2024-08-31
677,Таксисты,2024-11-01
678,Курьеры,2024-09-02
679,Фрилансеры,2024-08-10
680,Мастера услуг,2025-01-05
681,Курьеры,2024-12-21
682,Фрилансеры,2024-12-14
683,Фрилансеры,2025-01-11
684,Фрилансеры,2024-09-17
685,Курьеры,2024-12-06
686,Курьеры,2024-10-23
687,Мастера услуг,2025-01-19
688,Мастера услуг,2024-08-01
689,Курьеры,2024-08-19
690,Курьеры,2024-11-01
691,Мастера услуг,2024-09-17
692,Мастера услуг,2025-01-08
693,Мастера услуг,2024-12-18
694,Мастера услуг,2024-10-16
695,Мастера услуг,2024-10-22
696,Таксисты,2024-12-02
697,Таксисты,2024-09-29
698,Таксисты,2024-09-16
699,Фрилансеры,2024-08-11
700,Мастера услуг,2025-01-19
701,Мастера услуг,2024-12-17
702,Курьеры,2024-10-20
703,Таксисты,2024-09-28
704,Мастера услуг,2024-11-21
705,Мастера услуг,2024-09-15
706,Курьеры,2024-09-29
707,Курьеры,2025-01-22
708,Фрилансеры,2024-08-12
709,Фрилансеры,2025-01-14
710,Таксисты,2024-09-15
711,Мастера услуг,2024-09-21
712,Мастера услуг,2024-12-07
713,Таксисты,2024-08-31
714,Фрилансеры,2024-08-05
715,Таксисты,2024-08-22
716,Мастера услуг,2024-10-17
717,Таксисты,2024-11-08
718,Фрилансеры,2024-08-30
719,Курьеры,2024-12-19
720,Таксисты,2024-08-22
721,Курьеры,2024-11-11
722,Курьеры,2025-01-10
723,Таксисты,2024-09-16
724,Курьеры,2024-10-09
725,Мастера услуг,2024-10-05
726,Таксисты,2024-09-28
727,Фрилансеры,2024-10-20
728,Таксисты,2024-12-18
729,Фрилансеры,2024-10-09
730,Фрилансеры,2024-10-11
731,Мастера услуг,2024-12-21
732,Таксисты,2024-10-16
733,Курьеры,2025-01-17
734,Курьеры,2024-10-01
735,Курьеры,2024-09-19
736,Таксисты,2024-08-22
737,Курьеры,2024-10-02
738,Курьеры,2024-10-17
739,Фрилансеры,2024-08-05
740,Курьеры,2024-09-06
741,Таксисты,2024-08-16
742,Мастера услуг,2024-11-03
743,Курьеры,2024-08-01
744,Фрилансеры,2024-12-07
745,Таксисты,2024-08-18
746,Курьеры,2025-01-23
747,Курьеры,2025-01-09
748,Фрилансеры,2024-08-24
749,Таксисты,2025-01-21
750,Таксисты,2025-01-17
751,Фрилансеры,2024-09-16
752,Фрилансеры,2024-09-28
753,Курьеры,2025-01-21
754,Мастера услуг,2024-10-03
755,Фрилансеры,2024-11-21
756,Мастера услуг,2024-12-28
757,Таксисты,2024-12-18
758,Фрилансеры,2024-10-04
759,Мастера услуг,2024-11-23
760,Таксисты,2024-09-24
761,Таксисты,2024-12-13
762,Курьеры,2024-10-15
763,Курьеры,2024-12-09
764,Таксисты,2024-10-22
765,Курьеры,2024-10-28
766,Таксисты,2024-10-06
767,Курьеры,2024-11-27
768,Мастера услуг,2024-08-28
769,Мастера услуг,2024-09-07
770,Мастера услуг,2024-08-24
771,Фрилансеры,2024-12-12
772,Курьеры,2024-10-17
773,Фрилансеры,2024-12-02
774,Курьеры,2024-11-14
775,Таксисты,2024-11-03
776,Фрилансеры,2024-11-07
777,Курьеры,2024-08-04
778,Таксисты,2024-11-11
779,Мастера услуг,2024-11-01
780,Фрилансеры,2025-01-15
781,Мастера услуг,2025-01-14
782,Курьеры,2024-10-23
783,Мастера услуг,2024-08-13
784,Мастера услуг,2024-09-06
785,Курьеры,2024-08-22
786,Мастера услуг,2024-12-15
787,Таксисты,2025-01-14
788,Курьеры,2024-09-14
789,Курьеры,2024-08-25
790,Таксисты,2024-11-17
791,Фрилансеры,2025-01-26
792,Курьеры,2024-11-03
793,Фрилансеры,2024-10-15
794,Мастера услуг,2024-11-27
795,Мастера услуг,2024-08-28
796,Мастера услуг,2024-08-23
797,Курьеры,2024-11-01
798,Таксисты,2024-10-06
799,Курьеры,2024-10-06
800,Таксисты,2024-08-12
801,Курьеры,2025-01-03
802,Фрилансеры,2024-08-30
803,Фрилансеры,2024-08-13
804,Мастера услуг,2024-08-11
805,Таксисты,2025-01-10
806,Мастера услуг,2024-09-28
807,Мастера услуг,2024-08-27
808,Курьеры,2024-12-15
809,Фрилансеры,2024-12-28
810,Мастера услуг,2024-09-15
811,Таксисты,2024-11-11
812,Курьеры,2024-10-03
813,Фрилансеры,2024-10-16
814,Таксисты,2024-12-04
815,Мастера услуг,2025-01-08
816,Курьеры,2024-11-16
817,Таксисты,2024-08-29
818,Таксисты,2025-01-02
819,Курьеры,2024-08-23
820,Мастера услуг,2024-10-10
821,Таксисты,2024-08-09
822,Мастера услуг,2024-12-16
823,Курьеры,2024-09-25
824,Таксисты,2024-12-31
825,Фрилансеры,2024-10-08
826,Мастера услуг,2024-12-06
827,Курьеры,2024-11-10
828,Фрилансеры,2024-11-19
829,Фрилансеры,2025-01-16
830,Таксисты,2024-12-27
831,Таксисты,2025-01-18
832,Фрилансеры,2024-12-19
833,Таксисты,2024-08-12
834,Курьеры,2024-10-23
835,Фрилансеры,2025-01-09
836,Таксисты,2024-12-08
837,Курьеры,2024-11-30
838,Таксисты,2024-12-06
839,Мастера услуг,2024-09-07
840,Курьеры,2024-08-24
841,Фрилансеры,2024-09-14
842,Мастера услуг,2024-12-04
843,Курьеры,2024-12-05
844,Таксисты,2024-10-08
845,Таксисты,2024-10-31
846,Курьеры,2024-08-25
847,Фрилансеры,2024-08-22
848,Фрилансеры,2024-12-08
849,Фрилансеры,2024-10-22
850,Курьеры,2024-10-06
851,Мастера услуг,2025-01-16
852,Курьеры,2024-11-03
853,Мастера услуг,2025-01-01
854,Курьеры,2024-11-25
855,Таксисты,2024-09-17
856,Курьеры,2024-08-18
857,Курьеры,2024-08-10
858,Таксисты,2024-10-17
859,Курьеры,2024-11-17
860,Мастера услуг,2024-12-28
861,Курьеры,2024-09-25
862,Таксисты,2024-09-07
863,Курьеры,2024-09-20
864,Мастера услуг,2024-11-15
865,Курьеры,2025-01-16
866,Курьеры,2025-01-01
867,Мастера услуг,2024-08-09
868,Фрилансеры,2024-09-20
869,Курьеры,2024-09-01
870,Курьеры,2024-11-12
871,Курьеры,2024-11-23
872,Фрилансеры,2024-08-30
873,Мастера услуг,2024-08-04
874,Фрилансеры,2024-08-09
875,Фрилансеры,2024-10-12
876,Мастера услуг,2024-08-01
877,Курьеры,2024-09-14
878,Мастера услуг,2024-12-18
879,Таксисты,2024-10-26
880,Фрилансеры,2024-12-07
881,Таксисты,2024-12-18
882,Курьеры,2024-11-14
883,Курьеры,2024-11-03
884,Таксисты,2024-12-13
885,Мастера услуг,2024-09-24
886,Таксисты,2024-12-21
887,Курьеры,2024-09-16
888,Курьеры,2024-10-08
889,Курьеры,2025-01-20
890,Мастера услуг,2024-12-12
891,Фрилансеры,2024-10-25
892,Мастера услуг,2024-11-28
893,Таксисты,2025-01-16
894,Курьеры,2024-10-08
895,Таксисты,2024-12-06
896,Мастера услуг,2024-12-01
897,Таксисты,2024-11-17
898,Курьеры,2024-08-08
899,Мастера услуг,2024-08-14
900,Курьеры,2024-09-05
901,Таксисты,2024-11-22
902,Таксисты,2024-12-14
903,Мастера услуг,2024-11-01
904,Мастера услуг,2024-08-30
905,Курьеры,2024-11-26
906,Фрилансеры,2024-12-30
907,Фрилансеры,2024-12-20
908,Мастера услуг,2024-12-20
909,Таксисты,2024-12-10
910,Таксисты,2024-12-04
911,Мастера услуг,2025-01-07
912,Мастера услуг,2024-08-18
913,Курьеры,2024-08-10
914,Курьеры,2024-11-13
915,Курьеры,2024-12-17
916,Курьеры,2024-10-15
917,Курьеры,2024-10-04
918,Мастера услуг,2024-11-27
919,Курьеры,2024-09-10
920,Курьеры,2024-12-03
921,Фрилансеры,2024-08-09
922,Курьеры,2024-10-12
923,Курьеры,2024-08-16
924,Мастера услуг,2024-12-22
925,Курьеры,2024-08-20
926,Курьеры,2025-01-02
927,Мастера услуг,2024-09-25
928,Курьеры,2024-09-02
929,Мастера услуг,2024-10-22
930,Фрилансеры,2024-10-16
931,Мастера услуг,2024-10-06
932,Фрилансеры,2025-01-27
933,Курьеры,2024-09-06
934,Таксисты,2024-08-17
935,Мастера услуг,2024-11-20
936,Таксисты,2024-11-22
937,Мастера услуг,2024-12-22
938,Курьеры,2024-10-13
939,Фрилансеры,2024-12-29
940,Таксисты,2025-01-11
941,Фрилансеры,2024-12-30
942,Таксисты,2024-11-03
943,Фрилансеры,2024-09-28
944,Мастера услуг,2024-08-29
945,Таксисты,2024-12-23
946,Таксисты,2024-10-13
947,Курьеры,2024-10-29
948,Таксисты,2024-12-13
949,Фрилансеры,2024-12-06
950,Таксисты,2024-09-09
951,Фрилансеры,2025-01-07
952,Таксисты,2024-11-13
953,Мастера услуг,2024-08-27
954,Таксисты,2024-09-24
955,Курьеры,2024-11-16
956,Таксисты,2024-12-03
957,Курьеры,2024-09-27
958,Курьеры,2024-08-02
959,Фрилансеры,2024-11-17
960,Таксисты,2024-09-23
961,Таксисты,2025-01-27
962,Таксисты,2024-08-10
963,Мастера услуг,2024-08-26
964,Курьеры,2024-12-15
965,Курьеры,2024-09-02
966,Таксисты,2024-10-29
967,Фрилансеры,2024-12-06
968,Фрилансеры,2024-10-25
969,Таксисты,2024-08-16
970,Таксисты,2024-10-06
971,Мастера услуг,2024-10-21
972,Мастера услуг,2024-10-30
973,Мастера услуг,2025-01-21
974,Мастера услуг,2025-01-16
975,Мастера услуг,2024-09-01
976,Курьеры,2024-09-16
977,Курьеры,2024-12-02
978,Курьеры,2024-10-18
979,Таксисты,2024-12-22
980,Мастера услуг,2024-11-26
981,Мастера услуг,2024-10-30
982,Мастера услуг,2024-11-20
983,Мастера услуг,2025-01-24
984,Таксисты,2024-11-14
985,Таксисты,2024-09-19
986,Мастера услуг,2024-10-20
987,Курьеры,2024-10-26
988,Мастера услуг,2024-12-05
989,Фрилансеры,2024-08-07
990,Мастера услуг,2024-10-06
991,Курьеры,2024-10-29
992,Курьеры,2024-10-31
993,Таксисты,2024-10-17
994,Таксисты,2024-10-10
995,Фрилансеры,2024-11-02
996,Фрилансеры,2024-11-06
997,Фрилансеры,2024-11-04
998,Фрилансеры,2024-09-03
999,Таксисты,2024-08-25
1000,Фрилансеры,2024-11-18
1001,Курьеры,2024-09-08
1002,Фрилансеры,2025-01-23
1003,Мастера услуг,2024-12-29
1004,Фрилансеры,2024-10-17
1005,Таксисты,2024-08-12
1006,Таксисты,2024-10-23
1007,Таксисты,2024-11-10
1008,Таксисты,2024-11-20
1009,Курьеры,2024-11-05
1010,Курьеры,2024-12-22
1011,Мастера услуг,2024-10-07
1012,Курьеры,2024-09-15
1013,Мастера услуг,2024-08-25
1014,Таксисты,2024-08-26
1015,Курьеры,2024-10-31
1016,Курьеры,2024-12-21
1017,Таксисты,2024-11-07
1018,Мастера услуг,2025-01-17
1019,Фрилансеры,2025-01-17
1020,Курьеры,2024-08-21
1021,Таксисты,2024-12-02
1022,Мастера услуг,2024-10-25
1023,Курьеры,2024-09-05
1024,Фрилансеры,2024-10-05
1025,Фрилансеры,2024-09-01
1026,Курьеры,2024-10-26
1027,Курьеры,2024-08-19
1028,Таксисты,2024-10-14
1029,Курьеры,2025-01-17
1030,Фрилансеры,2024-10-27
1031,Мастера услуг,2024-12-11
1032,Фрилансеры,2024-08-11
1033,Курьеры,2024-10-18
1034,Мастера услуг,2025-01-18
1035,Мастера услуг,2024-11-13
1036,Фрилансеры,2024-08-02
1037,Фрилансеры,2024-10-22
1038,Курьеры,2024-08-06
1039,Фрилансеры,2024-10-15
1040,Мастера услуг,2024-09-19
1041,Мастера услуг,2024-12-02
1042,Таксисты,2024-10-20
1043,Фрилансеры,2024-09-06
1044,Курьеры,2024-10-31
1045,Таксисты,2024-12-22
1046,Курьеры,2025-01-01
1047,Курьеры,2024-08-28
1048,Курьеры,2024-08-14
1049,Мастера услуг,2024-09-05
1050,Таксисты,2024-12-17
1051,Курьеры,2024-09-22
1052,Фрилансеры,2024-08-06
1053,Таксисты,2024-08-15
1054,Мастера услуг,2025-01-01
1055,Курьеры,2025-01-01
1056,Таксисты,2024-12-16
1057,Курьеры,2025-01-19
1058,Мастера услуг,2024-12-24
1059,Курьеры,2024-12-30
1060,Фрилансеры,2024-09-03
1061,Фрилансеры,2025-01-21
1062,Курьеры,2024-11-28
1063,Мастера услуг,2024-08-25
1064,Фрилансеры,2024-08-14
1065,Мастера услуг,2024-09-18
1066,Курьеры,2024-11-01
1067,Мастера услуг,2024-12-08
1068,Мастера услуг,2024-11-02
1069,Мастера услуг,2024-10-11
1070,Курьеры,2024-10-04
1071,Фрилансеры,2024-08-14
1072,Таксисты,2024-10-05
1073,Таксисты,2024-08-22
1074,Мастера услуг,2024-09-29
1075,Курьеры,2025-01-17
1076,Фрилансеры,2024-11-06
1077,Мастера услуг,2025-01-21
1078,Фрилансеры,2024-11-09
1079,Мастера услуг,2024-09-11
1080,Таксисты,2025-01-04
1081,Мастера услуг,2024-11-12
1082,Таксисты,2024-09-12
1083,Курьеры,2025-01-17
1084,Курьеры,2024-11-12
1085,Мастера услуг,2024-12-22
1086,Фрилансеры,2024-11-23
1087,Таксисты,2024-12-20
1088,Таксисты,2024-11-10
1089,Курьеры,2024-08-30
1090,Курьеры,2024-10-14
1091,Таксисты,2024-11-01
1092,Фрилансеры,2024-09-15
1093,Курьеры,2024-11-11
1094,Таксисты,2024-10-22
1095,Мастера услуг,2024-09-10
1096,Мастера услуг,2024-12-21
1097,Таксисты,2024-12-15
1098,Курьеры,2025-01-15
1099,Таксисты,2024-08-09
1100,Фрилансеры,2024-09-16
1101,Мастера услуг,2024-09-15
1102,Фрилансеры,2024-11-25
1103,Курьеры,2024-08-15
1104,Мастера услуг,2024-12-02
1105,Таксисты,2024-08-30
1106,Курьеры,2024-09-14
1107,Фрилансеры,2024-09-11
1108,Курьеры,2024-12-17
1109,Курьеры,2024-12-16
1110,Мастера услуг,2024-12-14
1111,Мастера услуг,2025-01-26
1112,Таксисты,2025-01-20
1113,Мастера услуг,2024-10-02
1114,Мастера услуг,2024-11-14
1115,Фрилансеры,2024-12-17
1116,Курьеры,2024-08-13
1117,Таксисты,2024-10-07
1118,Таксисты,2024-10-21
1119,Мастера услуг,2024-12-19
1120,Мастера услуг,2024-10-04
1121,Мастера услуг,2024-12-06
1122,Мастера услуг,2024-12-18
1123,Мастера услуг,2025-01-26
1124,Курьеры,2024-08-31
1125,Курьеры,2024-08-04
1126,Таксисты,2024-12-20
1127,Мастера услуг,2025-01-05
1128,Фрилансеры,2024-09-23
1129,Курьеры,2025-01-12
1130,Мастера услуг,2025-01-11
1131,Мастера услуг,2024-09-27
1132,Таксисты,2024-08-17
1133,Курьеры,2024-09-11
1134,Курьеры,2024-12-14
1135,Курьеры,2024-11-21
1136,Мастера услуг,2024-11-09
1137,Фрилансеры,2024-09-14
1138,Курьеры,2024-10-06
1139,Курьеры,2024-09-20
1140,Таксисты,2024-10-21
1141,Курьеры,2024-09-11
1142,Мастера услуг,2025-01-10
1143,Таксисты,2024-09-08
1144,Курьеры,2024-08-24
1145,Таксисты,2024-11-10
1146,Мастера услуг,2024-09-25
1147,Курьеры,2024-10-21
1148,Курьеры,2025-01-17
1149,Фрилансеры,2024-10-08
1150,Фрилансеры,2024-11-06
1151,Фрилансеры,2024-10-21
1152,Курьеры,2024-11-16
1153,Мастера услуг,2024-12-16
1154,Мастера услуг,2025-01-12
1155,Курьеры,2024-10-30
1156,Курьеры,2025-01-15
1157,Курьеры,2024-09-05
1158,Таксисты,2024-10-17
1159,Курьеры,2025-01-20
1160,Фрилансеры,2024-11-27
1161,Фрилансеры,2024-11-02
1162,Фрилансеры,2024-08-10
1163,Курьеры,2024-08-06
1164,Курьеры,2024-08-18
1165,Курьеры,2024-10-29
1166,Курьеры,2024-10-09
1167,Курьеры,2024-10-23
1168,Курьеры,2024-08-18
1169,Курьеры,2025-01-26
1170,Мастера услуг,2025-01-20
1171,Курьеры,2024-09-18
1172,Мастера услуг,2024-08-26
1173,Мастера услуг,2024-12-18
1174,Мастера услуг,2024-11-03
1175,Мастера услуг,2024-08-15
1176,Мастера услуг,2024-12-15
1177,Таксисты,2024-10-22
1178,Курьеры,2024-12-07
1179,Курьеры,2024-08-16
1180,Таксисты,2024-10-10
1181,Таксисты,2024-11-04
1182,Таксисты,2025-01-20
1183,Фрилансеры,2024-12-10
1184,Мастера услуг,2024-11-26
1185,Фрилансеры,2024-08-01
1186,Курьеры,2024-10-07
1187,Мастера услуг,2024-11-17
1188,Курьеры,2024-11-02
1189,Курьеры,2024-09-22
1190,Таксисты,2025-01-20
1191,Фрилансеры,2024-10-19
1192,Мастера услуг,2024-09-18
1193,Курьеры,2024-12-15
1194,Таксисты,2024-08-02
1195,Курьеры,2024-08-20
1196,Курьеры,2024-10-24
1197,Таксисты,2024-08-17
1198,Таксисты,2025-01-18
1199,Курьеры,2024-12-06
1200,Фрилансеры,2024-12-09
1201,Курьеры,2024-08-17
1202,Мастера услуг,2025-01-13
1203,Таксисты,2024-10-30
1204,Курьеры,2025-01-23
1205,Таксисты,2024-08-17
1206,Курьеры,2024-09-07
1207,Мастера услуг,2024-10-26
1208,Фрилансеры,2025-01-01
1209,Курьеры,2024-11-20
1210,Курьеры,2024-12-30
1211,Курьеры,2025-01-23
1212,Курьеры,2024-10-12
1213,Мастера услуг,2024-10-10
1214,Таксисты,2024-10-31
1215,Мастера услуг,2025-01-05
1216,Мастера услуг,2024-10-20
1217,Курьеры,2024-12-23
1218,Мастера услуг,2024-09-14
1219,Таксисты,2024-10-26
1220,Мастера услуг,2024-10-20
1221,Таксисты,2024-10-02
1222,Курьеры,2025-01-17
1223,Фрилансеры,2025-01-16
1224,Курьеры,2024-11-27
1225,Курьеры,2024-11-27
1226,Курьеры,2024-09-01
1227,Таксисты,2024-11-07
1228,Фрилансеры,2025-01-09
1229,Курьеры,2024-08-06
1230,Мастера услуг,2024-11-03
1231,Курьеры,2024-11-15
1232,Фрилансеры,2024-08-12
1233,Курьеры,2024-11-21
1234,Курьеры,2024-09-18
1235,Мастера услуг,2024-09-24
1236,Таксисты,2024-09-10
1237,Курьеры,2024-11-01
1238,Мастера услуг,2024-11-24
1239,Фрилансеры,2024-11-26
1240,Курьеры,2024-08-06
1241,Курьеры,2024-09-27
1242,Таксисты,2024-10-09
1243,Таксисты,2024-08-31
1244,Курьеры,2024-10-01
1245,Фрилансеры,2024-10-10
1246,Курьеры,2024-12-26
1247,Таксисты,2024-12-03
1248,Таксисты,2024-11-22
1249,Курьеры,2024-10-29
1250,Курьеры,2024-11-09
1251,Фрилансеры,2024-09-19
1252,Курьеры,2024-12-30
1253,Мастера услуг,2024-08-17
1254,Фрилансеры,2025-01-05
1255,Мастера услуг,2024-12-05
1256,Курьеры,2025-01-17
1257,Таксисты,2024-09-04
1258,Курьеры,2024-09-27
1259,Мастера услуг,2024-11-08
1260,Таксисты,2024-11-13
1261,Фрилансеры,2024-08-17
1262,Курьеры,2024-09-06
1263,Мастера услуг,2025-01-19
1264,Курьеры,2025-01-27
1265,Курьеры,2024-09-29
1266,Таксисты,2024-08-27
1267,Фрилансеры,2024-10-26
1268,Таксисты,2024-11-09
1269,Фрилансеры,2025-01-26
1270,Таксисты,2025-01-17
1271,Мастера услуг,2025-01-13
1272,Мастера услуг,2024-08-15
1273,Мастера услуг,2024-11-22
1274,Курьеры,2024-10-01
1275,Мастера услуг,2024-08-15
1276,Таксисты,2024-12-31
1277,Фрилансеры,2024-08-28
1278,Таксисты,2024-12-17
1279,Таксисты,2024-11-12
1280,Таксисты,2024-09-15
1281,Курьеры,2024-11-02
1282,Курьеры,2024-12-18
1283,Курьеры,2025-01-17
1284,Курьеры,2024-11-22
1285,Курьеры,2024-09-14
1286,Таксисты,2024-08-20
1287,Таксисты,2024-12-17
1288,Фрилансеры,2024-08-19
1289,Фрилансеры,2024-11-11
1290,Фрилансеры,2024-10-29
1291,Фрилансеры,2024-08-28
1292,Таксисты,2024-11-25
1293,Фрилансеры,2025-01-11
1294,Фрилансеры,2024-11-12
1295,Курьеры,2024-08-05
1296,Курьеры,2024-08-16
1297,Таксисты,2024-09-26
1298,Мастера услуг,2024-08-13
1299,Курьеры,2025-01-17
1300,Курьеры,2024-12-06
1301,Курьеры,2024-09-09
1302,Курьеры,2024-08-31
1303,Курьеры,2024-10-09
1304,Фрилансеры,2024-09-16
1305,Курьеры,2024-10-13
1306,Фрилансеры,2024-08-30
1307,Курьеры,2024-08-23
1308,Фрилансеры,2024-09-09
1309,Курьеры,2024-09-16
1310,Таксисты,2024-11-27
1311,Фрилансеры,2024-12-06
1312,Курьеры,2024-10-29
1313,Фрилансеры,2025-01-24
1314,Таксисты,2024-08-13
1315,Мастера услуг,2024-12-23
1316,Курьеры,2024-10-28
1317,Курьеры,2025-01-10
1318,Мастера услуг,2024-12-20
1319,Мастера услуг,2024-11-01
1320,Курьеры,2024-12-27
1321,Таксисты,2024-10-24
1322,Таксисты,2024-11-19
1323,Мастера услуг,2024-12-02
1324,Курьеры,2024-09-15
1325,Курьеры,2025-01-17
1326,Мастера услуг,2024-12-11
1327,Таксисты,2024-08-23
1328,Таксисты,2024-09-09
1329,Фрилансеры,2024-08-30
1330,Мастера услуг,2025-01-08
1331,Мастера услуг,2024-12-09
1332,Таксисты,2024-09-02
1333,Таксисты,2024-11-22
1334,Курьеры,2024-10-26
1335,Фрилансеры,2025-01-16
1336,Мастера услуг,2024-09-17
1337,Курьеры,2024-10-05
1338,Курьеры,2024-11-29
1339,Курьеры,2025-01-15
1340,Фрилансеры,2024-10-12
1341,Фрилансеры,2024-08-06
1342,Курьеры,2024-08-09
1343,Курьеры,2024-12-02
1344,Курьеры,2024-08-29
1345,Курьеры,2024-08-15
1346,Мастера услуг,2024-08-03
1347,Фрилансеры,2025-01-24
1348,Фрилансеры,2024-11-29
1349,Мастера услуг,2024-09-08
1350,Курьеры,2024-08-31
1351,Мастера услуг,2024-08-18
1352,Курьеры,2024-10-19
1353,Мастера услуг,2025-01-23
1354,Мастера услуг,2024-08-12
1355,Таксисты,2025-01-25
1356,Мастера услуг,2025-01-25
1357,Курьеры,2024-08-16
1358,Мастера услуг,2024-09-12
1359,Курьеры,2024-09-09
1360,Фрилансеры,2024-11-05
1361,Фрилансеры,2025-01-02
1362,Курьеры,2024-10-28
1363,Курьеры,2024-11-26
1364,Фрилансеры,2024-12-30
1365,Курьеры,2024-12-18
1366,Таксисты,2024-12-08
1367,Курьеры,2024-11-02
1368,Мастера услуг,2024-09-19
1369,Курьеры,2024-10-24
1370,Таксисты,2024-10-19
1371,Курьеры,2024-11-18
1372,Мастера услуг,2024-09-14
1373,Фрилансеры,2024-10-06
1374,Мастера услуг,2024-12-10
1375,Таксисты,2024-12-06
1376,Курьеры,2024-09-30
1377,Курьеры,2024-08-16
1378,Мастера услуг,2024-08-21
1379,Фрилансеры,2024-08-24
1380,Фрилансеры,2024-08-27
1381,Курьеры,2024-11-09
1382,Курьеры,2025-01-23
1383,Курьеры,2025-01-13
1384,Мастера услуг,2024-10-24
1385,Фрилансеры,2024-08-10
1386,Курьеры,2025-01-11
1387,Таксисты,2024-08-14
1388,Курьеры,2024-12-10
1389,Курьеры,2024-10-19
1390,Курьеры,2025-01-23
1391,Курьеры,2025-01-03
1392,Мастера услуг,2024-08-31
1393,Фрилансеры,2025-01-09
1394,Мастера услуг,2025-01-01
1395,Курьеры,2024-11-22
1396,Таксисты,2024-09-22
1397,Фрилансеры,2024-11-15
1398,Таксисты,2024-12-19
1399,Таксисты,2024-12-16
1400,Курьеры,2024-11-06
1401,Курьеры,2024-09-05
1402,Мастера услуг,2024-09-01
1403,Курьеры,2025-01-09
1404,Курьеры,2024-08-09
1405,Курьеры,2024-12-10
1406,Таксисты,2024-10-18
1407,Таксисты,2025-01-24
1408,Курьеры,2024-11-09
1409,Курьеры,2024-11-24
1410,Мастера услуг,2024-08-16
1411,Курьеры,2024-09-14
1412,Таксисты,2025-01-23
1413,Мастера услуг,2024-09-11
1414,Фрилансеры,2024-10-19
1415,Курьеры,2025-01-01
1416,Фрилансеры,2024-08-05
1417,Фрилансеры,2024-11-21
1418,Фрилансеры,2024-12-19
1419,Курьеры,2024-12-02
1420,Курьеры,2025-01-09
1421,Фрилансеры,2024-12-27
1422,Мастера услуг,2024-12-14
1423,Фрилансеры,2024-08-27
1424,Мастера услуг,2024-11-22
1425,Мастера услуг,2024-11-17
1426,Мастера услуг,2024-08-16
1427,Таксисты,2025-01-04
1428,Курьеры,2024-10-25
1429,Курьеры,2025-01-04
1430,Курьеры,2024-10-29
1431,Курьеры,2024-08-09
1432,Мастера услуг,2024-09-27
1433,Мастера услуг,2024-10-10
1434,Таксисты,2025-01-09
1435,Мастера услуг,2025-01-15
1436,Курьеры,2024-09-20
1437,Курьеры,2024-08-03
1438,Фрилансеры,2024-08-22
1439,Курьеры,2024-08-21
1440,Курьеры,2024-12-20
1441,Курьеры,2024-12-26
1442,Курьеры,2024-09-29
1443,Курьеры,2024-11-25
1444,Таксисты,2024-10-25
1445,Мастера услуг,2024-11-13
1446,Фрилансеры,2024-11-14
1447,Фрилансеры,2024-10-31
1448,Курьеры,2024-11-09
1449,Курьеры,2024-08-30
1450,Курьеры,2024-09-08
1451,Таксисты,2024-10-04
1452,Фрилансеры,2025-01-03
1453,Мастера услуг,2024-10-11
1454,Курьеры,2024-09-22
1455,Мастера услуг,2024-10-26
1456,Фрилансеры,2025-01-10
1457,Фрилансеры,2025-01-10
1458,Фрилансеры,2024-10-04
1459,Курьеры,2024-08-04
1460,Мастера услуг,2025-01-06
1461,Таксисты,2024-12-13
1462,Мастера услуг,2024-09-02
1463,Курьеры,2024-11-28
1464,Мастера услуг,2024-09-24
1465,Курьеры,2024-11-03
1466,Мастера услуг,2024-10-26
1467,Таксисты,2024-09-08
1468,Фрилансеры,2025-01-03
1469,Мастера услуг,2024-11-03
1470,Мастера услуг,2024-10-25
1471,Мастера услуг,2024-12-30
1472,Таксисты,2024-11-26
1473,Курьеры,2024-11-13
1474,Фрилансеры,2025-01-23
1475,Курьеры,2024-09-30
1476,Мастера услуг,2024-12-02
1477,Таксисты,2024-12-01
1478,Курьеры,2024-08-03
1479,Фрилансеры,2024-11-08
1480,Таксисты,2025-01-24
1481,Мастера услуг,2024-08-19
1482,Таксисты,2024-09-21
1483,Курьеры,2025-01-07
1484,Таксисты,2024-12-20
1485,Курьеры,2024-08-06
1486,Таксисты,2024-11-16
1487,Таксисты,2024-11-15
1488,Фрилансеры,2024-08-08
1489,Курьеры,2024-10-16
1490,Курьеры,2024-12-14
1491,Курьеры,2024-08-27
1492,Курьеры,2024-09-20
1493,Мастера услуг,2024-12-09
1494,Курьеры,2024-08-13
1495,Курьеры,2024-10-11
1496,Таксисты,2024-09-25
1497,Курьеры,2025-01-12
1498,Фрилансеры,2024-08-17
1499,Курьеры,2025-01-22
1500,Фрилансеры,2024-09-25
1501,Мастера услуг,2024-09-09
1502,Курьеры,2024-08-31
1503,Курьеры,2024-11-09
1504,Курьеры,2024-08-04
1505,Фрилансеры,2024-10-18
1506,Курьеры,2025-01-06
1507,Мастера услуг,2025-01-15
1508,Курьеры,2025-01-06
1509,Курьеры,2024-08-18
1510,Курьеры,2024-10-18
1511,Курьеры,2024-10-23
1512,Курьеры,2025-01-05
1513,Курьеры,2024-09-10
1514,Таксисты,2024-08-27
1515,Фрилансеры,2024-09-01
1516,Фрилансеры,2024-11-01
1517,Курьеры,2025-01-17
1518,Фрилансеры,2024-11-06
1519,Курьеры,2024-09-17
1520,Курьеры,2024-11-23
1521,Курьеры,2024-08-30
1522,Таксисты,2024-09-22
1523,Таксисты,2024-10-17
1524,Мастера услуг,2024-08-01
1525,Таксисты,2025-01-18
1526,Курьеры,2024-12-29
1527,Курьеры,2024-09-05
1528,Курьеры,2024-11-26
1529,Курьеры,2024-11-30
1530,Таксисты,2025-01-07
1531,Мастера услуг,2024-08-16
1532,Фрилансеры,2024-11-15
1533,Таксисты,2024-08-07
1534,Фрилансеры,2024-11-22
1535,Фрилансеры,2024-11-27
1536,Таксисты,2024-11-15
1537,Курьеры,2024-11-10
1538,Курьеры,2024-12-07
1539,Курьеры,2024-12-07
1540,Курьеры,2024-11-23
1541,Курьеры,2024-11-27
1542,Таксисты,2025-01-10
1543,Таксисты,2024-11-06
1544,Курьеры,2024-08-08
1545,Курьеры,2024-11-07
1546,Мастера услуг,2024-11-25
1547,Фрилансеры,2025-01-24
1548,Таксисты,2024-12-13
1549,Мастера услуг,2024-08-23
1550,Таксисты,2024-09-08
1551,Курьеры,2024-09-11
1552,Фрилансеры,2024-08-08
1553,Курьеры,2024-09-24
1554,Мастера услуг,2024-08-30
1555,Мастера услуг,2024-10-22
1556,Курьеры,2024-11-09
1557,Таксисты,2024-10-20
1558,Курьеры,2024-08-19
1559,Фрилансеры,2024-09-20
1560,Курьеры,2024-10-06
1561,Курьеры,2024-10-10
1562,Таксисты,2024-08-13
1563,Мастера услуг,2024-09-22
1564,Таксисты,2024-08-05
1565,Мастера услуг,2024-09-19
1566,Фрилансеры,2024-09-01
1567,Курьеры,2025-01-24
1568,Курьеры,2024-12-18
1569,Таксисты,2025-01-04
1570,Таксисты,2024-10-09
1571,Курьеры,2024-09-30
1572,Курьеры,2025-01-02
1573,Мастера услуг,2024-08-29
1574,Таксисты,2024-11-30
1575,Курьеры,2024-12-31
1576,Фрилансеры,2024-11-02
1577,Таксисты,2024-11-25
1578,Таксисты,2024-11-22
1579,Курьеры,2024-12-03
1580,Курьеры,2024-08-23
1581,Курьеры,2024-11-13
1582,Курьеры,2024-12-31
1583,Мастера услуг,2024-11-02
1584,Таксисты,2024-08-24
1585,Фрилансеры,2024-12-12
1586,Курьеры,2024-08-22
1587,Мастера услуг,2024-12-05
1588,Фрилансеры,2024-08-28
1589,Курьеры,2024-10-11
1590,Курьеры,2024-09-07
1591,Мастера услуг,2025-01-05
1592,Фрилансеры,2024-08-14
1593,Таксисты,2024-08-13
1594,Мастера услуг,2024-08-22
1595,Таксисты,2024-10-15
1596,Курьеры,2024-12-07
1597,Курьеры,2024-09-01
1598,Курьеры,2024-08-15
1599,Фрилансеры,2024-09-29
1600,Фрилансеры,2024-08-28
1601,Таксисты,2024-09-10
1602,Курьеры,2024-12-30
1603,Таксисты,2024-11-12
1604,Курьеры,2024-08-11
1605,Курьеры,2024-11-29
1606,Фрилансеры,2024-10-27
1607,Мастера услуг,2025-01-05
1608,Мастера услуг,2024-09-30
1609,Мастера услуг,2024-08-06
1610,Курьеры,2024-12-27
1611,Таксисты,2024-11-20
1612,Мастера услуг,2024-10-27
1613,Таксисты,2024-09-01
1614,Курьеры,2024-09-05
1615,Мастера услуг,2024-10-07
1616,Курьеры,2024-10-12
1617,Курьеры,2024-12-05
1618,Курьеры,2024-09-04
1619,Мастера услуг,2024-09-19
1620,Таксисты,2024-09-28
1621,Курьеры,2025-01-04
1622,Таксисты,2024-08-15
1623,Курьеры,2024-08-07
1624,Таксисты,2024-10-05
1625,Курьеры,2024-09-04
1626,Таксисты,2024-12-29
1627,Курьеры,2024-10-02
1628,Таксисты,2024-09-29
1629,Мастера услуг,2024-11-10
1630,Курьеры,2024-11-14
1631,Фрилансеры,2025-01-20
1632,Курьеры,2025-01-27
1633,Таксисты,2024-12-29
1634,Мастера услуг,2024-08-25
1635,Мастера услуг,2024-09-18
1636,Мастера услуг,2024-10-06
1637,Фрилансеры,2024-11-12
1638,Фрилансеры,2024-08-19
1639,Таксисты,2024-09-01
1640,Курьеры,2024-09-01
1641,Курьеры,2024-08-02
1642,Курьеры,2024-08-06
1643,Мастера услуг,2024-10-22
1644,Мастера услуг,2024-09-11
1645,Фрилансеры,2024-09-03
1646,Курьеры,2024-08-01
1647,Мастера услуг,2025-01-04
1648,Фрилансеры,2024-09-26
1649,Курьеры,2024-11-11
1650,Мастера услуг,2024-08-30
1651,Таксисты,2025-01-10
1652,Курьеры,2024-10-11
1653,Курьеры,2024-11-15
1654,Фрилансеры,2024-10-31
1655,Курьеры,2024-09-12
1656,Мастера услуг,2024-11-04
1657,Курьеры,2024-12-28
1658,Фрилансеры,2024-10-18
1659,Курьеры,2024-12-02
1660,Таксисты,2024-08-22
1661,Курьеры,2025-01-20
1662,Курьеры,2024-10-07
1663,Курьеры,2024-10-14
1664,Фрилансеры,2024-10-08
1665,Таксисты,2024-08-16
1666,Курьеры,2025-01-02
1667,Фрилансеры,2024-11-20
1668,Таксисты,2024-09-26
1669,Курьеры,2024-11-20
1670,Курьеры,2024-09-11
1671,Курьеры,2024-12-09
1672,Курьеры,2024-10-27
1673,Таксисты,2025-01-13
1674,Таксисты,2024-11-07
1675,Таксисты,2024-09-22
1676,Курьеры,2024-11-17
1677,Таксисты,2024-08-14
1678,Мастера услуг,2024-11-30
1679,Курьеры,2024-09-19
1680,Фрилансеры,2024-12-03
1681,Фрилансеры,2024-12-02
1682,Курьеры,2024-10-09
1683,Мастера услуг,2024-11-05
1684,Курьеры,2024-09-12
1685,Курьеры,2024-11-18
1686,Курьеры,2024-08-10
1687,Мастера услуг,2024-12-10
1688,Курьеры,2024-10-04
1689,Мастера услуг,2024-11-20
1690,Таксисты,2024-10-19
1691,Курьеры,2024-09-03
1692,Таксисты,2024-11-06
1693,Курьеры,2024-08-03
1694,Фрилансеры,2024-12-17
1695,Мастера услуг,2024-12-31
1696,Курьеры,2025-01-19
1697,Таксисты,2024-11-20
1698,Мастера услуг,2024-08-26
1699,Курьеры,2024-12-18
1700,Фрилансеры,2024-10-16
1701,Курьеры,2024-11-05
1702,Курьеры,2024-12-23
1703,Курьеры,2024-09-11
1704,Фрилансеры,2024-08-01
1705,Курьеры,2024-09-09
1706,Курьеры,2024-11-19
1707,Мастера услуг,2024-09-21
1708,Мастера услуг,2024-11-29
1709,Курьеры,2024-12-06
1710,Фрилансеры,2024-09-21
1711,Таксисты,2024-09-03
1712,Фрилансеры,2024-12-07
1713,Фрилансеры,2024-08-30
1714,Мастера услуг,2024-10-27
1715,Курьеры,2024-10-21
1716,Таксисты,2024-08-12
1717,Мастера услуг,2024-10-15
1718,Фрилансеры,2024-10-01
1719,Мастера услуг,2024-09-12
1720,Курьеры,2024-09-24
1721,Мастера услуг,2025-01-08
1722,Мастера услуг,2025-01-10
1723,Курьеры,2024-10-18
1724,Таксисты,2024-11-18
1725,Фрилансеры,2024-10-30
1726,Таксисты,2024-11-20
1727,Мастера услуг,2024-09-01
1728,Курьеры,2024-11-14
1729,Таксисты,2025-01-05
1730,Курьеры,2024-08-08
1731,Таксисты,2024-12-24
1732,Курьеры,2024-11-25
1733,Мастера услуг,2024-09-14
1734,Курьеры,2024-12-09
1735,Таксисты,2024-10-12
1736,Таксисты,2024-12-18
1737,Курьеры,2024-09-24
1738,Мастера услуг,2025-01-25
1739,Мастера услуг,2024-12-06
1740,Курьеры,2024-09-23
1741,Таксисты,2024-08-18
1742,Курьеры,2024-10-15
1743,Таксисты,2025-01-01
1744,Фрилансеры,2025-01-08
1745,Курьеры,2024-10-13
1746,Мастера услуг,2025-01-27
1747,Курьеры,2024-09-08
1748,Курьеры,2024-12-17
1749,Фрилансеры,2024-08-20
1750,Фрилансеры,2024-09-24
1751,Фрилансеры,2024-11-11
1752,Фрилансеры,2024-11-26
1753,Курьеры,2024-08-10
1754,Таксисты,2024-10-27
1755,Мастера услуг,2024-12-23
1756,Курьеры,2024-11-11
1757,Мастера услуг,2024-11-02
1758,Таксисты,2024-11-27
1759,Мастера услуг,2024-12-14
1760,Мастера услуг,2024-11-29
1761,Фрилансеры,2024-10-13
1762,Мастера услуг,2024-10-18
1763,Мастера услуг,2024-12-16
1764,Таксисты,2024-09-05
1765,Фрилансеры,2024-09-30
1766,Курьеры,2024-08-14
1767,Таксисты,2024-10-21
1768,Курьеры,2024-12-09
1769,Курьеры,2024-09-24
1770,Курьеры,2024-08-16
1771,Таксисты,2024-12-15
1772,Фрилансеры,2024-09-25
1773,Курьеры,2024-12-26
1774,Фрилансеры,2024-08-29
1775,Мастера услуг,2024-11-08
1776,Фрилансеры,2024-09-29
1777,Мастера услуг,2024-11-19
1778,Курьеры,2024-09-15
1779,Курьеры,2024-09-05
1780,Таксисты,2024-11-21
1781,Мастера услуг,2024-08-24
1782,Таксисты,2025-01-06
1783,Курьеры,2025-01-16
1784,Фрилансеры,2024-12-02
1785,Курьеры,2024-11-09
1786,Мастера услуг,2024-08-21
1787,Курьеры,2024-11-15
1788,Таксисты,2024-10-18
1789,Фрилансеры,2024-10-07
1790,Фрилансеры,2024-10-29
1791,Курьеры,2024-12-08
1792,Курьеры,2024-09-19
1793,Курьеры,2025-01-24
1794,Курьеры,2024-12-21
1795,Таксисты,2024-09-18
1796,Таксисты,2025-01-27
1797,Таксисты,2024-11-11
1798,Таксисты,2024-08-24
1799,Таксисты,2024-09-18
1800,Мастера услуг,2024-10-06
1801,Курьеры,2024-10-30
1802,Курьеры,2025-01-14
1803,Курьеры,2024-10-23
1804,Таксисты,2024-09-27
1805,Таксисты,2024-09-23
1806,Курьеры,2024-12-20
1807,Фрилансеры,2025-01-11
1808,Фрилансеры,2024-09-01
1809,Курьеры,2024-11-27
1810,Фрилансеры,2024-12-03
1811,Курьеры,2024-12-29
1812,Фрилансеры,2024-12-11
1813,Таксисты,2024-09-26
1814,Фрилансеры,2024-08-29
1815,Мастера услуг,2024-12-01
1816,Мастера услуг,2024-09-10
1817,Фрилансеры,2024-10-13
1818,Таксисты,2024-09-04
1819,Таксисты,2024-12-20
1820,Мастера услуг,2024-12-31
1821,Таксисты,2024-10-22
1822,Мастера услуг,2024-09-08
1823,Курьеры,2024-12-28
1824,Таксисты,2024-08-06
1825,Фрилансеры,2024-11-28
1826,Курьеры,2024-12-06
1827,Фрилансеры,2025-01-06
1828,Мастера услуг,2024-11-21
1829,Курьеры,2025-01-21
1830,Курьеры,2024-11-18
1831,Курьеры,2024-08-06
1832,Мастера услуг,2024-10-29
1833,Фрилансеры,2024-09-08
1834,Таксисты,2025-01-18
1835,Мастера услуг,2025-01-26
1836,Фрилансеры,2024-09-24
1837,Таксисты,2024-12-06
1838,Курьеры,2025-01-14
1839,Курьеры,2024-12-10
1840,Фрилансеры,2024-09-24
1841,Курьеры,2025-01-23
1842,Мастера услуг,2025-01-07
1843,Мастера услуг,2025-01-13
1844,Фрилансеры,2024-11-02
1845,Курьеры,2025-01-15
1846,Курьеры,2024-12-12
1847,Курьеры,2025-01-17
1848,Курьеры,2024-10-25
1849,Таксисты,2025-01-12
1850,Курьеры,2024-11-13
1851,Фрилансеры,2024-10-30
1852,Курьеры,2024-10-20
1853,Курьеры,2024-11-19
1854,Курьеры,2024-08-29
1855,Курьеры,2024-11-01
1856,Фрилансеры,2024-11-10
1857,Мастера услуг,2024-09-24
1858,Мастера услуг,2024-11-14
1859,Таксисты,2024-08-23
1860,Курьеры,2024-09-09
1861,Мастера услуг,2024-12-09
1862,Мастера услуг,2024-08-18
1863,Фрилансеры,2024-10-29
1864,Фрилансеры,2024-12-30
1865,Фрилансеры,2024-10-28
1866,Таксисты,2024-10-11
1867,Таксисты,2025-01-06
1868,Мастера услуг,2024-10-21
1869,Таксисты,2024-09-25
1870,Мастера услуг,2024-11-10
1871,Мастера услуг,2024-10-13
1872,Мастера услуг,2024-09-21
1873,Курьеры,2024-10-10
1874,Курьеры,2024-11-28
1875,Мастера услуг,2024-08-01
1876,Фрилансеры,2024-08-20
1877,Таксисты,2024-09-29
1878,Курьеры,2024-11-16
1879,Курьеры,2024-09-03
1880,Таксисты,2024-10-16
1881,Курьеры,2024-11-23
1882,Фрилансеры,2024-10-07
1883,Мастера услуг,2024-11-16
1884,Мастера услуг,2024-09-08
1885,Мастера услуг,2024-10-28
1886,Мастера услуг,2024-10-28
1887,Таксисты,2024-11-11
1888,Фрилансеры,2024-10-07
1889,Фрилансеры,2025-01-07
1890,Курьеры,2024-08-03
1891,Фрилансеры,2024-12-28
1892,Курьеры,2024-10-22
1893,Курьеры,2024-08-06
1894,Таксисты,2024-09-03
1895,Таксисты,2024-11-18
1896,Курьеры,2024-10-15
1897,Курьеры,2024-12-17
1898,Фрилансеры,2025-01-07
1899,Таксисты,2025-01-13
1900,Курьеры,2024-11-21
1901,Фрилансеры,2024-10-25
1902,Курьеры,2025-01-24
1903,Фрилансеры,2024-09-30
1904,Мастера услуг,2024-12-14
1905,Таксисты,2024-11-27
1906,Фрилансеры,2025-01-23
1907,Курьеры,2024-08-04
1908,Фрилансеры,2024-08-13
1909,Курьеры,2025-01-10
1910,Фрилансеры,2024-08-27
1911,Курьеры,2024-10-04
1912,Курьеры,2024-10-29
1913,Таксисты,2024-11-02
1914,Таксисты,2024-11-03
1915,Мастера услуг,2024-10-05
1916,Мастера услуг,2024-12-01
1917,Фрилансеры,2025-01-26
1918,Мастера услуг,2024-11-28
1919,Курьеры,2024-09-18
1920,Курьеры,2024-10-06
1921,Таксисты,2024-10-20
1922,Таксисты,2024-10-05
1923,Фрилансеры,2024-08-31
1924,Курьеры,2024-09-16
1925,Таксисты,2024-09-10
1926,Курьеры,2024-11-05
1927,Таксисты,2025-01-24
1928,Мастера услуг,2024-11-29
1929,Мастера услуг,2024-08-13
1930,Курьеры,2024-09-22
1931,Таксисты,2024-08-22
1932,Курьеры,2024-09-27
1933,Мастера услуг,2024-08-26
1934,Курьеры,2024-10-17
1935,Мастера услуг,2024-08-08
1936,Мастера услуг,2024-12-18
1937,Мастера услуг,2025-01-24
1938,Мастера услуг,2024-08-10
1939,Таксисты,2024-09-24
1940,Курьеры,2024-08-23
1941,Курьеры,2024-10-22
1942,Таксисты,2024-10-14
1943,Фрилансеры,2024-10-13
1944,Мастера услуг,2025-01-05
1945,Фрилансеры,2024-12-27
1946,Курьеры,2025-01-02
1947,Мастера услуг,2024-08-31
1948,Фрилансеры,2024-09-15
1949,Курьеры,2024-11-01
1950,Таксисты,2024-09-04
1951,Таксисты,2024-12-26
1952,Мастера услуг,2025-01-27
1953,Таксисты,2024-08-31
1954,Фрилансеры,2024-11-14
1955,Курьеры,2024-08-23
1956,Мастера услуг,2024-10-30
1957,Таксисты,2024-11-30
1958,Таксисты,2024-10-01
1959,Таксисты,2024-11-04
1960,Курьеры,2024-09-03
1961,Курьеры,2024-08-22
1962,Мастера услуг,2025-01-22
1963,Мастера услуг,2024-12-26
1964,Таксисты,2025-01-18
1965,Мастера услуг,2024-12-14
1966,Курьеры,2024-11-18
1967,Курьеры,2024-09-29
1968,Мастера услуг,2024-12-28
1969,Фрилансеры,2024-10-29
1970,Таксисты,2024-08-28
1971,Таксисты,2024-11-18
1972,Мастера услуг,2024-08-25
1973,Фрилансеры,2024-10-20
1974,Таксисты,2024-12-14
1975,Таксисты,2024-12-08
1976,Мастера услуг,2025-01-02
1977,Фрилансеры,2024-08-24
1978,Курьеры,2025-01-01
1979,Таксисты,2024-08-18
1980,Мастера услуг,2024-10-07
1981,Курьеры,2025-01-19
1982,Курьеры,2024-08-30
1983,Мастера услуг,2024-08-27
1984,Курьеры,2024-12-07
1985,Курьеры,2025-01-16
1986,Курьеры,2025-01-16
1987,Фрилансеры,2024-08-16
1988,Мастера услуг,2024-09-22
1989,Таксисты,2024-11-25
1990,Таксисты,2024-10-25
1991,Фрилансеры,2024-12-16
1992,Фрилансеры,2024-09-01
1993,Курьеры,2024-10-01
1994,Таксисты,2024-08-18
1995,Курьеры,2024-08-29
1996,Фрилансеры,2024-09-20
1997,Мастера услуг,2024-11-27
1998,Мастера услуг,2025-01-09
1999,Курьеры,2024-09-03
2000,Таксисты,2024-10-25
2001,Фрилансеры,2024-12-20
2002,Курьеры,2024-10-04
2003,Таксисты,2024-11-26
2004,Таксисты,2024-09-17
2005,Мастера услуг,2025-01-20
2006,Фрилансеры,2024-10-26
2007,Мастера услуг,2024-08-12
2008,Курьеры,2024-10-31
2009,Мастера услуг,2025-01-11
2010,Курьеры,2024-09-11
2011,Таксисты,2024-12-03
2012,Таксисты,2024-12-10
2013,Курьеры,2024-12-09
2014,Курьеры,2024-11-24
2015,Фрилансеры,2024-10-22
2016,Фрилансеры,2024-10-07
2017,Мастера услуг,2024-08-14
2018,Мастера услуг,2024-08-05
2019,Мастера услуг,2024-09-24
2020,Курьеры,2024-10-12
2021,Курьеры,2024-11-27
2022,Курьеры,2024-09-10
2023,Мастера услуг,2024-10-13
2024,Фрилансеры,2024-11-21
2025,Таксисты,2024-09-18
2026,Фрилансеры,2024-11-17
2027,Мастера услуг,2024-10-14
2028,Мастера услуг,2024-08-11
2029,Мастера услуг,2024-12-25
2030,Мастера услуг,2024-11-27
2031,Курьеры,2025-01-05
2032,Курьеры,2025-01-26
2033,Мастера услуг,2024-12-26
2034,Мастера услуг,2024-12-05
2035,Курьеры,2024-10-22
2036,Таксисты,2024-10-04
2037,Мастера услуг,2024-11-21
2038,Курьеры,2024-10-23
2039,Таксисты,2025-01-08
2040,Мастера услуг,2024-10-19
2041,Таксисты,2025-01-17
2042,Курьеры,2024-11-24
2043,Мастера услуг,2024-11-15
2044,Мастера услуг,2025-01-06
2045,Курьеры,2024-08-29
2046,Фрилансеры,2024-10-14
2047,Фрилансеры,2024-10-29
2048,Курьеры,2025-01-07
2049,Курьеры,2024-11-19
2050,Курьеры,2025-01-21
2051,Мастера услуг,2024-09-09
2052,Мастера услуг,2024-11-05
2053,Курьеры,2024-11-28
2054,Таксисты,2025-01-24
2055,Мастера услуг,2024-08-20
2056,Таксисты,2024-12-09
2057,Курьеры,2024-10-09
2058,Фрилансеры,2024-08-13
2059,Фрилансеры,2025-01-21
2060,Таксисты,2024-10-04
2061,Курьеры,2024-09-18
2062,Таксисты,2024-10-16
2063,Курьеры,2024-12-26
2064,Фрилансеры,2024-08-29
2065,Курьеры,2024-09-29
2066,Курьеры,2024-09-26
2067,Таксисты,2024-08-30
2068,Мастера услуг,2024-08-03
2069,Мастера услуг,2024-09-24
2070,Курьеры,2024-08-19
2071,Курьеры,2024-08-16
2072,Мастера услуг,2024-08-01
2073,Курьеры,2024-10-19
2074,Курьеры,2024-10-31
2075,Мастера услуг,2025-01-18
2076,Фрилансеры,2024-09-30
2077,Фрилансеры,2024-12-10
2078,Фрилансеры,2024-10-10
2079,Таксисты,2025-01-12
2080,Таксисты,2024-08-02
2081,Фрилансеры,2024-11-16
2082,Курьеры,2024-10-24
2083,Фрилансеры,2024-11-13
2084,Мастера услуг,2024-10-29
2085,Таксисты,2024-09-28
2086,Таксисты,2024-10-10
2087,Мастера услуг,2024-10-15
2088,Таксисты,2024-12-19
2089,Фрилансеры,2025-01-01
2090,Курьеры,2024-11-01
2091,Мастера услуг,2025-01-20
2092,Таксисты,2024-12-02
2093,Курьеры,2025-01-24
2094,Фрилансеры,2024-08-10
2095,Таксисты,2024-09-30
2096,Фрилансеры,2024-10-21
2097,Курьеры,2024-12-23
2098,Курьеры,2024-09-02
2099,Таксисты,2024-12-06
2100,Таксисты,2024-10-04
2101,Фрилансеры,2024-10-05
2102,Курьеры,2024-08-03
2103,Фрилансеры,2024-11-20
2104,Фрилансеры,2024-08-28
2105,Фрилансеры,2024-08-11
2106,Мастера услуг,2024-08-16
2107,Таксисты,2024-10-25
2108,Курьеры,2024-11-24
2109,Фрилансеры,2024-12-12
2110,Курьеры,2024-09-08
2111,Мастера услуг,2025-01-02
2112,Таксисты,2024-10-15
2113,Курьеры,2024-10-20
2114,Курьеры,2024-09-28
2115,Мастера услуг,2024-11-18
2116,Мастера услуг,2024-11-28
2117,Мастера услуг,2024-10-10
2118,Курьеры,2024-12-09
2119,Курьеры,2024-12-09
2120,Мастера услуг,2024-11-24
2121,Курьеры,2024-12-23
2122,Курьеры,2024-12-02
2123,Таксисты,2024-11-05
2124,Таксисты,2024-12-30
2125,Таксисты,2024-11-29
2126,Таксисты,2024-12-01
2127,Мастера услуг,2024-08-22
2128,Фрилансеры,2024-10-25
2129,Мастера услуг,2025-01-24
2130,Таксисты,2024-11-13
2131,Мастера услуг,2024-08-18
2132,Мастера услуг,2024-12-12
2133,Курьеры,2024-11-10
2134,Фрилансеры,2024-11-20
2135,Таксисты,2024-10-14
2136,Курьеры,2024-09-30
2137,Курьеры,2024-09-18
2138,Таксисты,2024-09-30
2139,Мастера услуг,2024-09-16
2140,Фрилансеры,2024-10-01
2141,Фрилансеры,2024-08-23
2142,Курьеры,2024-11-26
2143,Курьеры,2024-10-17
2144,Таксисты,2024-10-08
2145,Таксисты,2024-11-20
2146,Таксисты,2024-09-09
2147,Курьеры,2025-01-15
2148,Таксисты,2024-11-02
2149,Фрилансеры,2024-10-07
2150,Таксисты,2024-09-23
2151,Мастера услуг,2024-09-09
2152,Мастера услуг,2024-10-12
2153,Таксисты,2024-11-26
2154,Мастера услуг,2024-11-16
2155,Курьеры,2024-09-12
2156,Таксисты,2025-01-15
2157,Мастера услуг,2024-11-01
2158,Фрилансеры,2024-12-16
2159,Мастера услуг,2024-08-30
2160,Фрилансеры,2024-12-14
2161,Курьеры,2025-01-22
2162,Курьеры,2025-01-24
2163,Фрилансеры,2024-10-08
2164,Фрилансеры,2024-10-04
2165,Мастера услуг,2024-10-25
2166,Фрилансеры,2024-09-11
2167,Мастера услуг,2024-12-20
2168,Мастера услуг,2024-11-30
2169,Курьеры,2024-08-21
2170,Курьеры,2024-10-14
2171,Мастера услуг,2024-09-15
2172,Мастера услуг,2024-10-17
2173,Таксисты,2024-09-06
2174,Курьеры,2025-01-18
2175,Курьеры,2024-10-14
2176,Курьеры,2024-11-27
2177,Таксисты,2024-09-25
2178,Фрилансеры,2024-12-27
2179,Мастера услуг,2024-08-06
2180,Курьеры,2024-12-19
2181,Таксисты,2025-01-23
2182,Мастера услуг,2024-08-15
2183,Фрилансеры,2024-12-07
2184,Курьеры,2024-12-07
2185,Фрилансеры,2024-11-10
2186,Таксисты,2024-09-26
2187,Курьеры,2024-12-31
2188,Фрилансеры,2025-01-14
2189,Курьеры,2024-11-14
2190,Мастера услуг,2024-09-10
2191,Курьеры,2024-08-18
2192,Мастера услуг,2024-09-08
2193,Мастера услуг,2024-09-11
2194,Мастера услуг,2024-12-31
2195,Мастера услуг,2024-12-17
2196,Фрилансеры,2024-09-23
2197,Курьеры,2024-10-01
2198,Мастера услуг,2024-12-21
2199,Курьеры,2024-09-19
2200,Курьеры,2024-11-13
2201,Мастера услуг,2025-01-19
2202,Таксисты,2024-09-14
2203,Фрилансеры,2024-09-27
2204,Мастера услуг,2024-10-26
2205,Курьеры,2024-12-05
2206,Мастера услуг,2024-08-27
2207,Таксисты,2024-11-26
2208,Фрилансеры,2024-08-18
2209,Таксисты,2024-11-24
2210,Курьеры,2024-08-25
2211,Курьеры,2025-01-10
2212,Мастера услуг,2025-01-05
2213,Фрилансеры,2024-10-02
2214,Фрилансеры,2024-10-09
2215,Мастера услуг,2024-08-22
2216,Таксисты,2024-11-18
2217,Фрилансеры,2025-01-24
2218,Мастера услуг,2024-10-08
2219,Мастера услуг,2024-10-27
2220,Курьеры,2025-01-11
2221,Мастера услуг,2024-08-18
2222,Мастера услуг,2024-08-16
2223,Таксисты,2024-11-03
2224,Мастера услуг,2024-10-20
2225,Курьеры,2024-11-08
2226,Мастера услуг,2024-11-14
2227,Мастера услуг,2024-08-27
2228,Курьеры,2024-12-10
2229,Курьеры,2024-10-09
2230,Мастера услуг,2024-12-31
2231,Мастера услуг,2024-11-22
2232,Курьеры,2024-10-25
2233,Таксисты,2024-08-31
2234,Мастера услуг,2024-08-01
2235,Фрилансеры,2024-11-07
2236,Таксисты,2024-12-08
2237,Курьеры,2024-10-10
2238,Фрилансеры,2024-08-28
2239,Таксисты,2025-01-04
2240,Мастера услуг,2024-10-08
2241,Фрилансеры,2024-08-11
2242,Курьеры,2024-12-08
2243,Таксисты,2024-10-12
2244,Курьеры,2024-11-09
2245,Мастера услуг,2024-09-24
2246,Курьеры,2024-12-04
2247,Курьеры,2024-11-26
2248,Курьеры,2024-11-09
2249,Таксисты,2024-12-02
2250,Фрилансеры,2024-12-03
2251,Мастера услуг,2024-08-18
2252,Мастера услуг,2024-10-17
2253,Фрилансеры,2025-01-08
2254,Мастера услуг,2024-08-09
2255,Мастера услуг,2024-10-24
2256,Фрилансеры,2024-08-02
2257,Мастера услуг,2024-12-26
2258,Курьеры,2024-10-25
2259,Фрилансеры,2025-01-14
2260,Курьеры,2024-11-13
2261,Таксисты,2024-11-07
2262,Курьеры,2024-09-11
2263,Мастера услуг,2024-09-06
2264,Таксисты,2024-12-31
2265,Курьеры,2024-09-28
2266,Курьеры,2024-10-08
2267,Мастера услуг,2024-11-20
2268,Фрилансеры,2024-10-18
2269,Курьеры,2024-10-05
2270,Таксисты,2024-11-13
2271,Фрилансеры,2024-11-24
2272,Таксисты,2024-09-25
2273,Фрилансеры,2025-01-23
2274,Таксисты,2024-09-12
2275,Фрилансеры,2024-11-06
2276,Мастера услуг,2024-12-22
2277,Мастера услуг,2024-12-20
2278,Таксисты,2025-01-18
2279,Курьеры,2024-11-19
2280,Фрилансеры,2025-01-15
2281,Курьеры,2024-11-02
2282,Таксисты,2024-09-07
2283,Мастера услуг,2024-10-16
2284,Мастера услуг,2024-08-27
2285,Мастера услуг,2025-01-15
2286,Курьеры,2024-11-12
2287,Мастера услуг,2025-01-05
2288,Курьеры,2024-10-24
2289,Таксисты,2024-08-19
2290,Курьеры,2024-10-15
2291,Мастера услуг,2024-11-04
2292,Мастера услуг,2024-11-24
2293,Курьеры,2024-11-18
2294,Курьеры,2024-11-05
2295,Таксисты,2024-11-23
2296,Фрилансеры,2024-09-19
2297,Таксисты,2024-12-31
2298,Мастера услуг,2024-10-21
2299,Таксисты,2024-08-27
2300,Курьеры,2024-08-01
2301,Таксисты,2025-01-20
2302,Таксисты,2024-09-14
2303,Таксисты,2024-12-26
2304,Мастера услуг,2024-10-26
2305,Курьеры,2024-09-05
2306,Таксисты,2024-08-12
2307,Мастера услуг,2024-08-07
2308,Курьеры,2024-11-30
2309,Таксисты,2024-08-22
2310,Курьеры,2024-08-21
2311,Таксисты,2024-10-27
2312,Курьеры,2024-11-02
2313,Таксисты,2024-10-18
2314,Фрилансеры,2025-01-09
2315,Фрилансеры,2024-10-07
2316,Таксисты,2024-12-07
2317,Курьеры,2024-12-27
2318,Таксисты,2025-01-27
2319,Курьеры,2024-10-02
2320,Мастера услуг,2024-10-19
2321,Курьеры,2024-12-20
2322,Фрилансеры,2024-12-09
2323,Таксисты,2024-12-15
2324,Курьеры,2024-10-24
2325,Курьеры,2024-12-24
2326,Курьеры,2024-12-29
2327,Мастера услуг,2025-01-26
2328,Мастера услуг,2024-11-30
2329,Мастера услуг,2024-10-29
2330,Фрилансеры,2024-09-28
2331,Мастера услуг,2024-08-24
2332,Курьеры,2024-12-28
2333,Курьеры,2024-08-30
2334,Курьеры,2024-10-01
2335,Таксисты,2024-12-16
2336,Фрилансеры,2024-10-17
2337,Фрилансеры,2024-08-29
2338,Мастера услуг,2024-11-28
2339,Фрилансеры,2024-12-10
2340,Фрилансеры,2024-08-05
2341,Мастера услуг,2024-10-25
2342,Таксисты,2024-09-17
2343,Курьеры,2024-11-03
2344,Мастера услуг,2024-11-03
2345,Таксисты,2025-01-15
2346,Мастера услуг,2024-12-03
2347,Таксисты,2024-10-31
2348,Мастера услуг,2024-09-10
2349,Мастера услуг,2025-01-06
2350,Таксисты,2024-12-03
2351,Мастера услуг,2024-10-14
2352,Мастера услуг,2024-08-15
2353,Таксисты,2024-09-14
2354,Курьеры,2024-08-30
2355,Курьеры,2025-01-14
2356,Мастера услуг,2024-12-25
2357,Курьеры,2025-01-21
2358,Мастера услуг,2024-10-26
2359,Мастера услуг,2024-08-04
2360,Таксисты,2025-01-03
2361,Таксисты,2024-08-06
2362,Таксисты,2024-11-04
2363,Таксисты,2025-01-11
2364,Курьеры,2024-11-01
2365,Фрилансеры,2024-09-04
2366,Курьеры,2024-11-28
2367,Курьеры,2024-10-17
2368,Курьеры,2024-11-07
2369,Фрилансеры,2024-12-25
2370,Курьеры,2024-11-24
2371,Фрилансеры,2024-11-11
2372,Мастера услуг,2024-08-05
2373,Мастера услуг,2024-08-20
2374,Курьеры,2024-11-23
2375,Мастера услуг,2024-11-23
2376,Фрилансеры,2024-08-01
2377,Курьеры,2024-08-06
2378,Мастера услуг,2024-11-06
2379,Фрилансеры,2024-10-27
2380,Мастера услуг,2024-12-01
2381,Курьеры,2024-12-19
2382,Курьеры,2024-11-04
2383,Фрилансеры,2024-12-15
2384,Курьеры,2024-11-29
2385,Курьеры,2025-01-05
2386,Мастера услуг,2024-08-30
2387,Курьеры,2024-11-09
2388,Курьеры,2024-09-30
2389,Таксисты,2024-12-05
2390,Курьеры,2024-09-29
2391,Мастера услуг,2024-10-17
2392,Таксисты,2024-12-01
2393,Мастера услуг,2024-10-16
2394,Курьеры,2024-10-13
2395,Курьеры,2025-01-06
2396,Мастера услуг,2024-10-10
2397,Курьеры,2024-09-10
2398,Курьеры,2024-10-05
2399,Мастера услуг,2024-10-19
2400,Курьеры,2024-08-15
2401,Таксисты,2025-01-20
2402,Таксисты,2024-09-07
2403,Таксисты,2024-10-07
2404,Таксисты,2024-08-14
2405,Фрилансеры,2024-12-21
2406,Мастера услуг,2024-09-21
2407,Таксисты,2024-10-21
2408,Курьеры,2024-08-09
2409,Курьеры,2024-09-02
2410,Курьеры,2024-11-13
2411,Мастера услуг,2024-11-25
2412,Курьеры,2024-10-29
2413,Таксисты,2024-11-02
2414,Курьеры,2024-09-22
2415,Таксисты,2024-10-23
2416,Таксисты,2024-09-30
2417,Курьеры,2024-10-28
2418,Мастера услуг,2024-12-11
2419,Мастера услуг,2024-11-10
2420,Курьеры,2024-11-27
2421,Таксисты,2024-12-25
2422,Таксисты,2024-08-24
2423,Курьеры,2024-11-13
2424,Таксисты,2024-11-02
2425,Мастера услуг,2024-08-17
2426,Курьеры,2024-09-30
2427,Таксисты,2025-01-03
2428,Таксисты,2024-08-26
2429,Курьеры,2024-09-09
2430,Курьеры,2025-01-01
2431,Фрилансеры,2024-09-22
2432,Курьеры,2024-10-22
2433,Фрилансеры,2024-08-25
2434,Таксисты,2024-08-20
2435,Таксисты,2025-01-11
2436,Курьеры,2024-10-17
2437,Таксисты,2024-08-06
2438,Фрилансеры,2024-11-27
2439,Фрилансеры,2025-01-20
2440,Таксисты,2024-12-05
2441,Курьеры,2024-09-05
2442,Таксисты,2024-10-25
2443,Курьеры,2025-01-15
2444,Курьеры,2024-11-16
2445,Фрилансеры,2025-01-06
2446,Фрилансеры,2024-08-11
2447,Фрилансеры,2024-08-27
2448,Мастера услуг,2024-10-21
2449,Мастера услуг,2024-12-09
2450,Таксисты,2024-12-08
2451,Мастера услуг,2024-11-15
2452,Таксисты,2024-12-26
2453,Таксисты,2025-01-26
2454,Таксисты,2025-01-05
2455,Фрилансеры,2024-08-06
2456,Курьеры,2024-09-28
2457,Фрилансеры,2024-12-29
2458,Таксисты,2024-12-27
2459,Курьеры,2024-11-13
2460,Курьеры,2024-12-13
2461,Мастера услуг,2024-10-07
2462,Мастера услуг,2024-10-30
2463,Таксисты,2024-11-16
2464,Таксисты,2024-12-28
2465,Фрилансеры,2024-08-03
2466,Таксисты,2024-12-14
2467,Таксисты,2025-01-06
2468,Мастера услуг,2024-08-09
2469,Мастера услуг,2024-08-31
2470,Курьеры,2024-11-26
2471,Фрилансеры,2024-08-31
2472,Курьеры,2024-09-29
2473,Фрилансеры,2024-12-13
2474,Мастера услуг,2024-08-04
2475,Курьеры,2024-08-02
2476,Таксисты,2024-08-12
2477,Курьеры,2024-09-28
2478,Курьеры,2024-10-30
2479,Мастера услуг,2024-12-11
2480,Фрилансеры,2024-11-19
2481,Курьеры,2024-11-11
2482,Таксисты,2024-09-20
2483,Фрилансеры,2024-11-10
2484,Таксисты,2024-11-07
2485,Фрилансеры,2024-12-22
2486,Курьеры,2024-11-01
2487,Курьеры,2024-10-19
2488,Курьеры,2024-11-20
2489,Курьеры,2024-10-29
2490,Курьеры,2024-08-11
2491,Фрилансеры,2024-08-21
2492,Мастера услуг,2024-09-17
2493,Фрилансеры,2025-01-20
2494,Фрилансеры,2025-01-13
2495,Курьеры,2024-09-06
2496,Таксисты,2024-08-21
2497,Таксисты,2024-12-30
2498,Мастера услуг,2024-11-19
2499,Таксисты,2024-09-14
2500,Курьеры,2025-01-07
2501,Таксисты,2024-08-29
2502,Фрилансеры,2024-11-03
2503,Мастера услуг,2024-12-27
2504,Мастера услуг,2025-01-14
2505,Мастера услуг,2025-01-26
2506,Мастера услуг,2024-08-12
2507,Курьеры,2024-11-27
2508,Курьеры,2024-10-06
2509,Курьеры,2025-01-12
2510,Таксисты,2024-10-05
2511,Таксисты,2024-12-06
2512,Мастера услуг,2024-08-24
2513,Мастера услуг,2024-10-07
2514,Фрилансеры,2024-10-19
2515,Мастера услуг,2024-09-27
2516,Курьеры,2024-08-13
2517,Таксисты,2024-08-08
2518,Курьеры,2025-01-22
2519,Мастера услуг,2024-11-30
2520,Таксисты,2024-09-20
2521,Курьеры,2025-01-14
2522,Таксисты,2024-09-06
2523,Таксисты,2024-10-29
2524,Фрилансеры,2024-12-06
2525,Мастера услуг,2024-09-08
2526,Мастера услуг,2024-11-11
2527,Курьеры,2024-12-01
2528,Таксисты,2024-11-09
2529,Курьеры,2024-12-31
2530,Курьеры,2024-08-12
2531,Таксисты,2025-01-03
2532,Таксисты,2024-09-22
2533,Мастера услуг,2024-09-26
2534,Фрилансеры,2024-08-29
2535,Фрилансеры,2024-12-25
2536,Фрилансеры,2024-09-02
2537,Мастера услуг,2024-08-20
2538,Мастера услуг,2024-08-18
2539,Фрилансеры,2024-09-16
2540,Таксисты,2024-12-11
2541,Курьеры,2024-11-27
2542,Мастера услуг,2024-12-07
2543,Таксисты,2024-10-26
2544,Таксисты,2025-01-22
2545,Таксисты,2024-11-14
2546,Мастера услуг,2024-09-03
2547,Фрилансеры,2024-12-19
2548,Курьеры,2024-08-27
2549,Фрилансеры,2024-08-22
2550,Курьеры,2025-01-07
2551,Курьеры,2024-09-23
2552,Курьеры,2024-11-07
2553,Мастера услуг,2024-08-03
2554,Курьеры,2024-08-18
2555,Курьеры,2025-01-08
2556,Курьеры,2024-11-12
2557,Курьеры,2024-09-08
2558,Мастера услуг,2024-09-13
2559,Фрилансеры,2024-11-01
2560,Курьеры,2025-01-25
2561,Таксисты,2024-11-12
2562,Мастера услуг,2024-10-26
2563,Мастера услуг,2025-01-11
2564,Курьеры,2024-08-31
2565,Мастера услуг,2024-10-06
2566,Таксисты,2024-11-14
2567,Мастера услуг,2024-12-31
2568,Курьеры,2024-12-27
2569,Мастера услуг,2024-12-14
2570,Курьеры,2024-12-04
2571,Таксисты,2025-01-11
2572,Фрилансеры,2024-10-03
2573,Таксисты,2024-11-22
2574,Таксисты,2025-01-01
2575,Таксисты,2024-08-03
2576,Фрилансеры,2024-08-07
2577,Фрилансеры,2024-08-10
2578,Курьеры,2024-10-24
2579,Таксисты,2024-12-18
2580,Фрилансеры,2024-11-28
2581,Курьеры,2024-11-28
2582,Курьеры,2024-08-20
2583,Курьеры,2024-12-13
2584,Таксисты,2024-08-25
2585,Курьеры,2024-10-21
2586,Мастера услуг,2024-08-17
2587,Таксисты,2025-01-21
2588,Курьеры,2024-10-31
2589,Фрилансеры,2025-01-10
2590,Курьеры,2024-08-10
2591,Фрилансеры,2024-11-03
2592,Таксисты,2024-08-28
2593,Курьеры,2024-11-15
2594,Фрилансеры,2024-11-26
2595,Фрилансеры,2024-11-05
2596,Фрилансеры,2024-11-15
2597,Фрилансеры,2024-09-02
2598,Таксисты,2024-08-20
2599,Мастера услуг,2024-11-12
2600,Курьеры,2024-10-28
2601,Таксисты,2024-12-19
2602,Фрилансеры,2024-12-27
2603,Курьеры,2024-12-11
2604,Таксисты,2025-01-08
2605,Фрилансеры,2024-09-11
2606,Мастера услуг,2024-12-29
2607,Курьеры,2024-11-06
2608,Мастера услуг,2025-01-10
2609,Курьеры,2024-09-02
2610,Таксисты,2024-10-20
2611,Курьеры,2024-09-02
2612,Таксисты,2024-09-10
2613,Мастера услуг,2024-11-03
2614,Фрилансеры,2024-09-20
2615,Мастера услуг,2024-11-20
2616,Курьеры,2024-08-11
2617,Курьеры,2025-01-06
2618,Таксисты,2024-09-08
2619,Мастера услуг,2024-10-18
2620,Фрилансеры,2024-09-22
2621,Курьеры,2024-09-13
2622,Мастера услуг,2024-10-27
2623,Таксисты,2024-08-25
2624,Курьеры,2025-01-27
2625,Мастера услуг,2024-11-15
2626,Таксисты,2024-10-16
2627,Таксисты,2025-01-10
2628,Фрилансеры,2024-11-07
2629,Курьеры,2024-10-23
2630,Курьеры,2024-11-08
2631,Фрилансеры,2024-10-23
2632,Таксисты,2024-08-31
2633,Мастера услуг,2024-08-07
2634,Фрилансеры,2024-12-16
2635,Фрилансеры,2024-08-30
2636,Мастера услуг,2024-11-24
2637,Мастера услуг,2024-12-18
2638,Таксисты,2024-12-12
2639,Курьеры,2024-09-13
2640,Курьеры,2024-09-09
2641,Фрилансеры,2024-12-12
2642,Мастера услуг,2025-01-25
2643,Фрилансеры,2024-11-24
2644,Курьеры,2024-08-05
2645,Курьеры,2024-12-15
2646,Курьеры,2024-10-09
2647,Мастера услуг,2024-11-25
2648,Курьеры,2024-09-15
2649,Таксисты,2025-01-16
2650,Фрилансеры,2024-09-29
2651,Фрилансеры,2024-10-30
2652,Таксисты,2024-09-22
2653,Мастера услуг,2024-10-05
2654,Курьеры,2024-08-05
2655,Курьеры,2024-10-05
2656,Мастера услуг,2024-11-28
2657,Фрилансеры,2024-08-10
2658,Мастера услуг,2024-12-21
2659,Таксисты,2025-01-23
2660,Таксисты,2024-12-12
2661,Курьеры,2024-08-13
2662,Фрилансеры,2024-12-04
2663,Мастера услуг,2024-08-05
2664,Фрилансеры,2024-08-20
2665,Фрилансеры,2024-08-23
2666,Курьеры,2024-10-09
2667,Фрилансеры,2024-12-25
2668,Мастера услуг,2024-09-29
2669,Курьеры,2024-12-12
2670,Курьеры,2024-11-18
2671,Таксисты,2024-08-18
2672,Таксисты,2025-01-03
2673,Мастера услуг,2024-12-29
2674,Мастера услуг,2024-12-25
2675,Фрилансеры,2024-12-18
2676,Курьеры,2024-09-27
2677,Фрилансеры,2024-10-28
2678,Фрилансеры,2024-08-08
2679,Фрилансеры,2024-11-19
2680,Мастера услуг,2024-11-07
2681,Фрилансеры,2025-01-08
2682,Курьеры,2024-10-02
2683,Курьеры,2025-01-06
2684,Мастера услуг,2024-09-25
2685,Мастера услуг,2025-01-24
2686,Таксисты,2024-10-15
2687,Фрилансеры,2024-08-28
2688,Таксисты,2024-12-01
2689,Курьеры,2024-09-05
2690,Мастера услуг,2024-12-16
2691,Мастера услуг,2025-01-18
2692,Фрилансеры,2024-10-28
2693,Таксисты,2024-11-07
2694,Таксисты,2024-12-30
2695,Курьеры,2024-12-03
2696,Мастера услуг,2024-10-02
2697,Таксисты,2025-01-18
2698,Курьеры,2024-10-21
2699,Курьеры,2024-08-08
2700,Курьеры,2024-12-25
2701,Курьеры,2025-01-24
2702,Мастера услуг,2024-11-05
2703,Мастера услуг,2024-12-30
2704,Курьеры,2025-01-26
2705,Фрилансеры,2024-12-18
2706,Фрилансеры,2024-09-01
2707,Курьеры,2025-01-05
2708,Курьеры,2024-10-18
2709,Мастера услуг,2024-08-11
2710,Курьеры,2024-09-23
2711,Фрилансеры,2024-10-10
2712,Мастера услуг,2024-11-03
2713,Курьеры,2024-11-02
2714,Курьеры,2024-08-13
2715,Курьеры,2024-09-30
2716,Курьеры,2024-11-07
2717,Таксисты,2024-12-09
2718,Таксисты,2024-09-15
2719,Фрилансеры,2025-01-23
2720,Таксисты,2024-08-19
2721,Курьеры,2024-09-18
2722,Курьеры,2024-10-16
2723,Курьеры,2025-01-18
2724,Курьеры,2025-01-24
2725,Фрилансеры,2025-01-08
2726,Фрилансеры,2024-09-12
2727,Таксисты,2024-11-11
2728,Курьеры,2025-01-10
2729,Мастера услуг,2024-08-22
2730,Мастера услуг,2024-10-16
2731,Фрилансеры,2024-10-13
2732,Курьеры,2024-08-31
2733,Фрилансеры,2024-12-13
2734,Таксисты,2024-10-14
2735,Мастера услуг,2024-12-01
2736,Курьеры,2024-10-18
2737,Мастера услуг,2025-01-02
2738,Курьеры,2024-10-02
2739,Фрилансеры,2024-10-10
2740,Курьеры,2024-11-28
2741,Фрилансеры,2024-09-18
2742,Курьеры,2025-01-24
2743,Мастера услуг,2024-12-26
2744,Таксисты,2024-12-08
2745,Мастера услуг,2024-08-23
2746,Мастера услуг,2025-01-06
2747,Мастера услуг,2024-12-18
2748,Мастера услуг,2025-01-04
2749,Фрилансеры,2024-11-01
2750,Фрилансеры,2024-12-03
2751,Фрилансеры,2024-10-15
2752,Таксисты,2025-01-19
2753,Мастера услуг,2024-09-15
2754,Курьеры,2024-11-05
2755,Курьеры,2024-08-05
2756,Фрилансеры,2025-01-23
2757,Фрилансеры,2024-09-04
2758,Таксисты,2024-12-08
2759,Курьеры,2024-09-13
2760,Таксисты,2024-12-14
2761,Курьеры,2024-12-05
2762,Фрилансеры,2024-12-30
2763,Фрилансеры,2024-10-06
2764,Курьеры,2024-11-28
2765,Курьеры,2024-09-20
2766,Курьеры,2025-01-07
2767,Мастера услуг,2024-08-26
2768,Курьеры,2025-01-02
2769,Мастера услуг,2024-10-13
2770,Фрилансеры,2024-12-20
2771,Мастера услуг,2024-10-13
2772,Курьеры,2024-08-22
2773,Мастера услуг,2024-08-19
2774,Фрилансеры,2024-09-30
2775,Таксисты,2024-10-04
2776,Курьеры,2024-12-08
2777,Фрилансеры,2024-11-09
2778,Фрилансеры,2025-01-23
2779,Фрилансеры,2024-12-31
2780,Таксисты,2024-09-04
2781,Таксисты,2025-01-23
2782,Фрилансеры,2024-09-27
2783,Таксисты,2024-12-15
2784,Таксисты,2024-12-14
2785,Фрилансеры,2024-10-19
2786,Таксисты,2024-12-05
2787,Фрилансеры,2024-09-02
2788,Курьеры,2024-11-14
2789,Таксисты,2024-11-29
2790,Курьеры,2024-11-01
2791,Таксисты,2024-12-23
2792,Мастера услуг,2024-08-16
2793,Мастера услуг,2024-12-05
2794,Фрилансеры,2024-12-26
2795,Курьеры,2025-01-04
2796,Курьеры,2024-10-23
2797,Фрилансеры,2025-01-13
2798,Курьеры,2024-12-08
2799,Курьеры,2024-11-19
2800,Фрилансеры,2024-10-16
2801,Фрилансеры,2025-01-27
2802,Фрилансеры,2024-11-09
2803,Мастера услуг,2024-08-31
2804,Таксисты,2024-12-02
2805,Мастера услуг,2024-12-10
2806,Таксисты,2024-12-28
2807,Мастера услуг,2024-10-10
2808,Курьеры,2024-10-22
2809,Фрилансеры,2024-08-15
2810,Таксисты,2024-11-18
2811,Курьеры,2024-08-29
2812,Таксисты,2024-11-13
2813,Фрилансеры,2024-08-28
2814,Таксисты,2024-12-05
2815,Курьеры,2024-10-08
2816,Фрилансеры,2024-08-31
2817,Фрилансеры,2024-12-04
2818,Таксисты,2025-01-15
2819,Курьеры,2024-09-25
2820,Курьеры,2024-08-05
2821,Курьеры,2024-12-26
2822,Курьеры,2024-08-30
2823,Таксисты,2024-11-20
2824,Таксисты,2024-08-15
2825,Мастера услуг,2025-01-27
2826,Мастера услуг,2024-12-25
2827,Мастера услуг,2024-08-03
2828,Фрилансеры,2024-10-27
2829,Таксисты,2024-08-20
2830,Курьеры,2024-12-26
2831,Мастера услуг,2024-09-26
2832,Таксисты,2024-08-03
2833,Курьеры,2024-09-14
2834,Курьеры,2024-12-10
2835,Курьеры,2024-12-03
2836,Курьеры,2024-11-23
2837,Таксисты,2024-10-11
2838,Таксисты,2024-11-03
2839,Таксисты,2024-11-19
2840,Курьеры,2024-11-13
2841,Мастера услуг,2025-01-02
2842,Курьеры,2024-12-16
2843,Фрилансеры,2024-08-18
2844,Таксисты,2024-08-31
2845,Мастера услуг,2024-08-12
2846,Фрилансеры,2024-08-09
2847,Мастера услуг,2024-11-03
2848,Курьеры,2024-08-03
2849,Таксисты,2024-08-27
2850,Курьеры,2024-08-15
2851,Таксисты,2024-10-15
2852,Таксисты,2024-08-21
2853,Курьеры,2024-08-09
2854,Мастера услуг,2025-01-03
2855,Мастера услуг,2024-10-08
2856,Фрилансеры,2025-01-17
2857,Мастера услуг,2024-09-23
2858,Мастера услуг,2024-12-31
2859,Фрилансеры,2024-11-27
2860,Курьеры,2024-11-10
2861,Таксисты,2024-11-02
2862,Мастера услуг,2024-12-15
2863,Фрилансеры,2024-11-14
2864,Курьеры,2024-09-04
2865,Фрилансеры,2024-10-18
2866,Фрилансеры,2024-11-03
2867,Таксисты,2024-11-02
2868,Курьеры,2024-08-29
2869,Курьеры,2024-12-14
2870,Фрилансеры,2024-09-04
2871,Фрилансеры,2024-12-11
2872,Курьеры,2024-11-03
2873,Фрилансеры,2024-08-02
2874,Курьеры,2025-01-25
2875,Курьеры,2024-09-17
2876,Курьеры,2024-11-15
2877,Курьеры,2024-10-01
2878,Таксисты,2025-01-03
2879,Таксисты,2024-11-08
2880,Фрилансеры,2024-11-23
2881,Мастера услуг,2024-09-27
2882,Курьеры,2024-08-24
2883,Фрилансеры,2024-10-28
2884,Таксисты,2024-12-13
2885,Курьеры,2025-01-08
2886,Таксисты,2024-11-13
2887,Курьеры,2024-08-12
2888,Мастера услуг,2025-01-09
2889,Фрилансеры,2024-09-22
2890,Курьеры,2024-09-23
2891,Таксисты,2024-11-11
2892,Фрилансеры,2024-08-30
2893,Таксисты,2024-09-12
2894,Курьеры,2025-01-13
2895,Курьеры,2024-11-25
2896,Курьеры,2024-09-16
2897,Таксисты,2024-09-05
2898,Мастера услуг,2024-12-05
2899,Мастера услуг,2024-10-07
2900,Таксисты,2025-01-14
2901,Таксисты,2025-01-09
2902,Таксисты,2024-08-29
2903,Фрилансеры,2024-09-17
2904,Мастера услуг,2024-09-21
2905,Фрилансеры,2025-01-02
2906,Мастера услуг,2024-08-31
2907,Курьеры,2024-10-07
2908,Курьеры,2024-08-07
2909,Таксисты,2024-08-11
2910,Мастера услуг,2024-08-14
2911,Курьеры,2024-11-04
2912,Курьеры,2024-11-11
2913,Мастера услуг,2024-08-21
2914,Мастера услуг,2025-01-12
2915,Мастера услуг,2024-08-25
2916,Таксисты,2024-10-08
2917,Мастера услуг,2024-10-20
2918,Мастера услуг,2025-01-23
2919,Фрилансеры,2025-01-14
2920,Таксисты,2025-01-22
2921,Таксисты,2025-01-07
2922,Таксисты,2024-08-06
2923,Курьеры,2024-10-15
2924,Мастера услуг,2024-10-07
2925,Мастера услуг,2024-10-11
2926,Таксисты,2025-01-04
2927,Мастера услуг,2024-08-14
2928,Таксисты,2024-09-08
2929,Мастера услуг,2025-01-20
2930,Таксисты,2024-08-26
2931,Курьеры,2024-08-16
2932,Фрилансеры,2024-10-14
2933,Фрилансеры,2024-11-01
2934,Мастера услуг,2024-08-04
2935,Мастера услуг,2024-12-27
2936,Таксисты,2024-08-31
2937,Мастера услуг,2025-01-16
2938,Мастера услуг,2024-09-12
2939,Мастера услуг,2024-09-25
2940,Мастера услуг,2024-10-16
2941,Курьеры,2024-11-27
2942,Таксисты,2024-09-08
2943,Таксисты,2024-12-14
2944,Таксисты,2025-01-21
2945,Курьеры,2024-11-05
2946,Мастера услуг,2025-01-21
2947,Таксисты,2024-11-07
2948,Курьеры,2024-08-29
2949,Фрилансеры,2024-10-13
2950,Мастера услуг,2024-08-20
2951,Мастера услуг,2024-09-19
2952,Курьеры,2024-12-12
2953,Мастера услуг,2024-08-12
2954,Курьеры,2025-01-21
2955,Таксисты,2024-08-16
2956,Курьеры,2024-12-15
2957,Мастера услуг,2024-08-18
2958,Фрилансеры,2024-11-20
2959,Курьеры,2025-01-27
2960,Курьеры,2024-11-07
2961,Фрилансеры,2024-10-10
2962,Мастера услуг,2024-12-01
2963,Курьеры,2025-01-11
2964,Мастера услуг,2024-11-07
2965,Фрилансеры,2024-12-02
2966,Таксисты,2024-11-26
2967,Мастера услуг,2024-12-12
2968,Мастера услуг,2024-09-27
2969,Таксисты,2024-12-31
2970,Курьеры,2024-10-19
2971,Таксисты,2024-11-25
2972,Мастера услуг,2024-10-07
2973,Мастера услуг,2024-09-22
2974,Таксисты,2024-10-05
2975,Курьеры,2024-10-14
2976,Курьеры,2024-09-23
2977,Мастера услуг,2024-12-06
2978,Фрилансеры,2024-09-06
2979,Мастера услуг,2025-01-27
2980,Фрилансеры,2024-12-23
2981,Фрилансеры,2025-01-02
2982,Фрилансеры,2024-10-22
2983,Таксисты,2024-09-21
2984,Мастера услуг,2024-09-02
2985,Мастера услуг,2024-11-02
2986,Таксисты,2024-12-02
2987,Мастера услуг,2024-12-20
2988,Фрилансеры,2024-11-10
2989,Курьеры,2025-01-09
2990,Мастера услуг,2024-09-06
2991,Курьеры,2024-09-20
2992,Мастера услуг,2024-08-15
2993,Таксисты,2024-11-06
2994,Мастера услуг,2024-12-20
2995,Мастера услуг,2024-08-06
2996,Фрилансеры,2024-10-09
2997,Таксисты,2024-11-06
2998,Курьеры,2024-10-30
2999,Курьеры,2024-11-28
3000,Фрилансеры,2024-11-24
3001,Курьеры,2024-11-16
3002,Мастера услуг,2024-09-28
3003,Курьеры,2024-09-24
3004,Мастера услуг,2024-09-30
3005,Мастера услуг,2024-11-17
3006,Мастера услуг,2025-01-12
3007,Курьеры,2024-11-24
3008,Мастера услуг,2025-01-27
3009,Мастера услуг,2024-09-30
3010,Таксисты,2024-08-07
3011,Таксисты,2024-10-23
3012,Фрилансеры,2024-08-29
3013,Мастера услуг,2025-01-24
3014,Таксисты,2024-09-18
3015,Таксисты,2024-10-22
3016,Мастера услуг,2024-11-28
3017,Фрилансеры,2024-12-11
3018,Фрилансеры,2024-10-02
3019,Курьеры,2024-10-02
3020,Мастера услуг,2024-12-10
3021,Мастера услуг,2024-09-13
3022,Мастера услуг,2024-11-03
3023,Таксисты,2024-11-15
3024,Курьеры,2024-09-30
3025,Курьеры,2024-11-02
3026,Курьеры,2024-10-30
3027,Курьеры,2024-10-21
3028,Мастера услуг,2025-01-07
3029,Фрилансеры,2025-01-16
3030,Фрилансеры,2024-10-02
3031,Курьеры,2024-12-15
3032,Мастера услуг,2024-11-07
3033,Курьеры,2024-09-25
3034,Мастера услуг,2024-10-10
3035,Таксисты,2024-09-15
3036,Курьеры,2025-01-16
3037,Фрилансеры,2024-12-13
3038,Фрилансеры,2024-10-04
3039,Фрилансеры,2024-10-10
3040,Фрилансеры,2025-01-25
3041,Мастера услуг,2024-09-13
3042,Мастера услуг,2024-12-24
3043,Мастера услуг,2024-09-27
3044,Таксисты,2024-12-09
3045,Фрилансеры,2024-08-17
3046,Курьеры,2024-10-05
3047,Курьеры,2024-09-10
3048,Курьеры,2024-09-27
3049,Таксисты,2024-09-20
3050,Таксисты,2024-11-12
3051,Фрилансеры,2024-08-26
3052,Фрилансеры,2024-11-12
3053,Фрилансеры,2024-11-15
3054,Фрилансеры,2024-10-16
3055,Таксисты,2025-01-13
3056,Таксисты,2024-11-03
3057,Таксисты,2024-10-12
3058,Мастера услуг,2025-01-12
3059,Курьеры,2024-09-02
3060,Таксисты,2024-12-07
3061,Мастера услуг,2024-09-07
3062,Фрилансеры,2024-09-26
3063,Мастера услуг,2024-09-07
3064,Таксисты,2025-01-24
3065,Фрилансеры,2024-12-01
3066,Курьеры,2024-10-03
3067,Фрилансеры,2024-12-11
3068,Фрилансеры,2024-09-30
3069,Курьеры,2024-10-22
3070,Фрилансеры,2024-09-27
3071,Курьеры,2024-11-20
3072,Курьеры,2024-09-12
3073,Фрилансеры,2024-09-30
3074,Курьеры,2025-01-17
3075,Курьеры,2024-09-13
3076,Курьеры,2024-11-26
3077,Мастера услуг,2024-08-24
3078,Курьеры,2024-11-11
3079,Курьеры,2024-09-22
3080,Фрилансеры,2024-09-19
3081,Курьеры,2024-12-17
3082,Мастера услуг,2024-10-22
3083,Мастера услуг,2024-09-17
3084,Курьеры,2025-01-27
3085,Курьеры,2024-11-25
3086,Курьеры,2024-08-19
3087,Таксисты,2024-12-31
3088,Фрилансеры,2025-01-26
3089,Мастера услуг,2024-11-18
3090,Курьеры,2024-09-13
3091,Таксисты,2024-09-25
3092,Курьеры,2024-08-03
3093,Курьеры,2025-01-24
3094,Курьеры,2025-01-10
3095,Таксисты,2024-08-20
3096,Мастера услуг,2024-09-16
3097,Фрилансеры,2024-10-19
3098,Фрилансеры,2024-11-25
3099,Фрилансеры,2025-01-27
3100,Фрилансеры,2024-10-16
3101,Курьеры,2024-09-19
3102,Курьеры,2024-08-13
3103,Курьеры,2024-10-05
3104,Фрилансеры,2025-01-21
3105,Таксисты,2024-11-13
3106,Таксисты,2024-09-17
3107,Фрилансеры,2024-08-20
3108,Курьеры,2024-11-11
3109,Курьеры,2024-10-03
3110,Курьеры,2024-10-03
3111,Курьеры,2024-08-10
3112,Курьеры,2025-01-15
3113,Мастера услуг,2024-08-07
3114,Курьеры,2024-11-30
3115,Курьеры,2024-09-28
3116,Курьеры,2024-09-13
3117,Фрилансеры,2025-01-19
3118,Курьеры,2024-08-07
3119,Фрилансеры,2024-09-20
3120,Курьеры,2024-09-16
3121,Курьеры,2024-09-08
3122,Фрилансеры,2024-08-20
3123,Курьеры,2024-10-06
3124,Фрилансеры,2024-08-10
3125,Фрилансеры,2024-11-20
3126,Фрилансеры,2024-09-11
3127,Таксисты,2024-08-16
3128,Курьеры,2024-09-04
3129,Фрилансеры,2024-12-29
3130,Таксисты,2024-09-18
3131,Фрилансеры,2024-10-08
3132,Курьеры,2024-12-18
3133,Мастера услуг,2024-09-29
3134,Мастера услуг,2024-11-15
3135,Фрилансеры,2024-08-10
3136,Курьеры,2025-01-25
3137,Курьеры,2024-11-11
3138,Мастера услуг,2024-11-01
3139,Таксисты,2024-09-24
3140,Мастера услуг,2024-10-07
3141,Мастера услуг,2024-10-26
3142,Таксисты,2024-12-27
3143,Мастера услуг,2024-10-17
3144,Таксисты,2025-01-18
3145,Таксисты,2024-11-07
3146,Таксисты,2024-11-17
3147,Мастера услуг,2024-12-30
3148,Фрилансеры,2024-11-16
3149,Курьеры,2024-08-08
3150,Курьеры,2024-11-03
3151,Курьеры,2024-10-04
3152,Курьеры,2024-11-24
3153,Фрилансеры,2024-11-13
3154,Курьеры,2024-11-26
3155,Курьеры,2024-10-28
3156,Мастера услуг,2024-10-15
3157,Фрилансеры,2024-12-27
3158,Фрилансеры,2024-11-16
3159,Курьеры,2024-10-27
3160,Курьеры,2024-11-17
3161,Курьеры,2024-12-31
3162,Фрилансеры,2024-12-25
3163,Мастера услуг,2025-01-05
3164,Курьеры,2025-01-27
3165,Таксисты,2024-10-22
3166,Курьеры,2024-09-01
3167,Фрилансеры,2024-08-22
3168,Курьеры,2024-12-02
3169,Таксисты,2024-12-15
3170,Таксисты,2024-12-07
3171,Курьеры,2024-12-30
3172,Таксисты,2024-12-29
3173,Мастера услуг,2024-11-16
3174,Курьеры,2024-09-16
3175,Таксисты,2024-09-02
3176,Мастера услуг,2024-10-15
3177,Мастера услуг,2024-10-31
3178,Мастера услуг,2024-10-12
3179,Курьеры,2025-01-22
3180,Таксисты,2024-12-24
3181,Курьеры,2024-10-16
3182,Курьеры,2024-10-04
3183,Фрилансеры,2024-11-06
3184,Курьеры,2024-08-27
3185,Фрилансеры,2025-01-02
3186,Курьеры,2024-12-04
3187,Курьеры,2024-11-03
3188,Таксисты,2025-01-21
3189,Фрилансеры,2024-10-09
3190,Фрилансеры,2024-10-21
3191,Таксисты,2024-11-08
3192,Таксисты,2024-12-26
3193,Курьеры,2024-10-04
3194,Курьеры,2024-08-24
3195,Мастера услуг,2024-10-01
3196,Курьеры,2024-09-01
3197,Фрилансеры,2025-01-08
3198,Мастера услуг,2024-12-02
3199,Курьеры,2024-11-18
3200,Фрилансеры,2024-09-17
3201,Мастера услуг,2024-12-21
3202,Мастера услуг,2024-11-09
3203,Курьеры,2025-01-12
3204,Фрилансеры,2024-08-17
3205,Фрилансеры,2024-10-20
3206,Мастера услуг,2024-10-14
3207,Курьеры,2024-08-04
3208,Таксисты,2024-11-23
3209,Мастера услуг,2024-12-07
3210,Мастера услуг,2024-09-09
3211,Мастера услуг,2025-01-19
3212,Мастера услуг,2024-10-28
3213,Таксисты,2024-11-23
3214,Мастера услуг,2024-11-08
3215,Фрилансеры,2025-01-13
3216,Фрилансеры,2024-08-15
3217,Фрилансеры,2025-01-05
3218,Мастера услуг,2024-10-28
3219,Фрилансеры,2025-01-19
3220,Таксисты,2025-01-11
3221,Курьеры,2024-09-21
3222,Таксисты,2024-10-29
3223,Курьеры,2024-11-30
3224,Курьеры,2024-08-13
3225,Таксисты,2024-11-26
3226,Курьеры,2024-12-28
3227,Фрилансеры,2024-12-19
3228,Курьеры,2025-01-17
3229,Курьеры,2024-10-10
3230,Мастера услуг,2024-09-26
3231,Мастера услуг,2024-11-24
3232,Таксисты,2024-09-11
3233,Фрилансеры,2025-01-01
3234,Фрилансеры,2024-10-05
3235,Курьеры,2024-12-06
3236,Мастера услуг,2024-10-11
3237,Курьеры,2025-01-22
3238,Курьеры,2024-10-19
3239,Курьеры,2025-01-09
3240,Курьеры,2024-11-28
3241,Таксисты,2024-09-07
3242,Мастера услуг,2024-12-04
3243,Таксисты,2024-10-23
3244,Курьеры,2025-01-05
3245,Курьеры,2024-08-04
3246,Мастера услуг,2024-08-24
3247,Курьеры,2024-11-19
3248,Фрилансеры,2024-12-23
3249,Таксисты,2024-08-07
3250,Фрилансеры,2024-09-30
3251,Фрилансеры,2024-10-17
3252,Таксисты,2025-01-24
3253,Мастера услуг,2024-09-05
3254,Фрилансеры,2024-12-24
3255,Таксисты,2024-11-11
3256,Мастера услуг,2024-08-15
3257,Курьеры,2024-12-07
3258,Таксисты,2025-01-23
3259,Мастера услуг,2024-12-31
3260,Таксисты,2024-08-31
3261,Мастера услуг,2024-11-26
3262,Таксисты,2024-12-01
3263,Мастера услуг,2024-11-26
3264,Фрилансеры,2024-09-12
3265,Курьеры,2024-10-26
3266,Фрилансеры,2024-10-10
3267,Таксисты,2025-01-14
3268,Курьеры,2024-10-06
3269,Таксисты,2025-01-21
3270,Фрилансеры,2024-10-27
3271,Таксисты,2024-09-07
3272,Фрилансеры,2025-01-15
3273,Фрилансеры,2024-12-04
3274,Мастера услуг,2024-12-21
3275,Таксисты,2024-12-05
3276,Курьеры,2024-08-25
3277,Мастера услуг,2024-10-17
3278,Фрилансеры,2025-01-25
3279,Мастера услуг,2024-10-24
3280,Мастера услуг,2024-11-20
3281,Курьеры,2024-09-17
3282,Фрилансеры,2024-10-04
3283,Фрилансеры,2024-09-25
3284,Мастера услуг,2024-08-09
3285,Фрилансеры,2024-12-29
3286,Мастера услуг,2024-09-26
3287,Таксисты,2024-11-28
3288,Таксисты,2024-12-18
3289,Мастера услуг,2024-12-26
3290,Таксисты,2025-01-24
3291,Курьеры,2024-12-04
3292,Таксисты,2025-01-25
3293,Мастера услуг,2024-09-26
3294,Курьеры,2025-01-15
3295,Мастера услуг,2024-11-24
3296,Фрилансеры,2024-11-07
3297,Мастера услуг,2024-09-07
3298,Курьеры,2024-10-18
3299,Курьеры,2025-01-20
3300,Мастера услуг,2024-12-05
3301,Фрилансеры,2024-10-22
3302,Таксисты,2025-01-27
3303,Фрилансеры,2025-01-27
3304,Мастера услуг,2025-01-08
3305,Мастера услуг,2024-09-22
3306,Курьеры,2024-08-13
3307,Мастера услуг,2024-10-30
3308,Фрилансеры,2025-01-15
3309,Фрилансеры,2025-01-11
3310,Таксисты,2024-08-14
3311,Таксисты,2024-11-22
3312,Таксисты,2024-12-20
3313,Мастера услуг,2024-09-28
3314,Курьеры,2024-09-19
3315,Курьеры,2024-12-01
3316,Мастера услуг,2024-09-25
3317,Курьеры,2024-10-21
3318,Мастера услуг,2025-01-22
3319,Таксисты,2024-10-03
3320,Курьеры,2025-01-14
3321,Мастера услуг,2024-12-11
3322,Курьеры,2024-09-27
3323,Курьеры,2024-10-27
3324,Фрилансеры,2024-12-02
3325,Таксисты,2024-12-10
3326,Таксисты,2025-01-05
3327,Фрилансеры,2025-01-14
3328,Таксисты,2024-09-25
3329,Фрилансеры,2024-08-21
3330,Мастера услуг,2024-10-08
3331,Таксисты,2024-09-14
3332,Мастера услуг,2024-11-12
3333,Мастера услуг,2024-09-16
3334,Мастера услуг,2025-01-22
3335,Курьеры,2024-10-06
3336,Мастера услуг,2024-11-03
3337,Мастера услуг,2024-11-20
3338,Фрилансеры,2024-08-30
3339,Курьеры,2025-01-01
3340,Фрилансеры,2024-08-30
3341,Курьеры,2024-09-14
3342,Курьеры,2025-01-26
3343,Мастера услуг,2024-12-23
3344,Курьеры,2024-12-14
3345,Курьеры,2025-01-01
3346,Курьеры,2024-12-01
3347,Курьеры,2024-11-29
3348,Таксисты,2024-10-14
3349,Мастера услуг,2024-11-09
3350,Курьеры,2024-12-22
3351,Таксисты,2024-08-15
3352,Фрилансеры,2024-09-13
3353,Курьеры,2024-09-24
3354,Мастера услуг,2024-10-05
3355,Фрилансеры,2024-08-07
3356,Курьеры,2024-08-31
3357,Таксисты,2024-08-27
3358,Мастера услуг,2024-11-24
3359,Мастера услуг,2024-10-06
3360,Фрилансеры,2025-01-08
3361,Таксисты,2024-09-10
3362,Курьеры,2024-11-05
3363,Фрилансеры,2024-11-23
3364,Фрилансеры,2024-08-22
3365,Таксисты,2024-11-22
3366,Курьеры,2024-10-27
3367,Курьеры,2024-09-04
3368,Курьеры,2024-08-03
3369,Мастера услуг,2024-09-05
3370,Мастера услуг,2025-01-21
3371,Курьеры,2025-01-17
3372,Таксисты,2024-08-15
3373,Курьеры,2024-08-24
3374,Курьеры,2025-01-07
3375,Курьеры,2024-11-23
3376,Фрилансеры,2024-08-28
3377,Курьеры,2024-10-10
3378,Мастера услуг,2024-09-26
3379,Курьеры,2024-11-10
3380,Курьеры,2024-10-18
3381,Мастера услуг,2024-10-21
3382,Таксисты,2024-11-25
3383,Фрилансеры,2025-01-22
3384,Курьеры,2024-08-21
3385,Курьеры,2024-12-07
3386,Таксисты,2024-08-23
3387,Курьеры,2024-09-23
3388,Таксисты,2025-01-16
3389,Таксисты,2024-08-07
3390,Курьеры,2024-11-21
3391,Мастера услуг,2024-12-26
3392,Курьеры,2025-01-23
3393,Курьеры,2024-08-29
3394,Курьеры,2024-10-03
3395,Мастера услуг,2025-01-03
3396,Курьеры,2024-10-11
3397,Курьеры,2024-11-07
3398,Фрилансеры,2024-10-16
3399,Фрилансеры,2024-08-24
3400,Курьеры,2024-12-31
3401,Мастера услуг,2024-09-03
3402,Фрилансеры,2024-09-13
3403,Курьеры,2024-09-10
3404,Мастера услуг,2024-08-23
3405,Таксисты,2024-08-07
3406,Таксисты,2024-11-04
3407,Мастера услуг,2024-10-06
3408,Мастера услуг,2024-09-11
3409,Мастера услуг,2024-11-18
3410,Таксисты,2025-01-07
3411,Мастера услуг,2024-09-09
3412,Курьеры,2024-08-04
3413,Фрилансеры,2024-12-22
3414,Фрилансеры,2024-12-22
3415,Фрилансеры,2024-08-12
3416,Таксисты,2024-10-26
3417,Таксисты,2024-11-19
3418,Фрилансеры,2024-08-12
3419,Фрилансеры,2024-09-23
3420,Курьеры,2024-09-05
3421,Фрилансеры,2024-08-09
3422,Таксисты,2024-10-26
3423,Курьеры,2024-12-03
3424,Мастера услуг,2024-08-28
3425,Фрилансеры,2024-10-14
3426,Курьеры,2024-09-09
3427,Мастера услуг,2024-12-26
3428,Мастера услуг,2024-08-04
3429,Курьеры,2024-10-14
3430,Таксисты,2024-12-02
3431,Фрилансеры,2024-09-02
3432,Курьеры,2024-09-06
3433,Фрилансеры,2024-10-31
3434,Курьеры,2024-12-08
3435,Мастера услуг,2024-08-12
3436,Таксисты,2025-01-13
3437,Курьеры,2024-09-01
3438,Фрилансеры,2024-12-07
3439,Фрилансеры,2025-01-12
3440,Мастера услуг,2024-09-02
3441,Курьеры,2024-10-11
3442,Таксисты,2024-09-28
3443,Таксисты,2024-09-13
3444,Мастера услуг,2024-08-28
3445,Таксисты,2024-11-27
3446,Таксисты,2024-11-24
3447,Мастера услуг,2024-11-11
3448,Мастера услуг,2025-01-27
3449,Курьеры,2024-11-22
3450,Курьеры,2024-09-26
3451,Курьеры,2024-08-19
3452,Курьеры,2025-01-11
3453,Мастера услуг,2024-08-30
3454,Мастера услуг,2024-12-02
3455,Мастера услуг,2024-09-24
3456,Таксисты,2024-11-04
3457,Курьеры,2024-12-07
3458,Таксисты,2024-08-06
3459,Таксисты,2024-09-03
3460,Фрилансеры,2024-08-11
3461,Курьеры,2024-09-23
3462,Курьеры,2024-10-30
3463,Курьеры,2024-09-05
3464,Таксисты,2024-08-19
3465,Фрилансеры,2024-12-07
3466,Мастера услуг,2024-08-31
3467,Курьеры,2025-01-21
3468,Курьеры,2024-08-08
3469,Таксисты,2025-01-06
3470,Мастера услуг,2024-08-15
3471,Фрилансеры,2024-11-09
3472,Мастера услуг,2024-09-27
3473,Мастера услуг,2024-10-06
3474,Курьеры,2024-08-22
3475,Таксисты,2024-09-18
3476,Курьеры,2024-10-16
3477,Мастера услуг,2024-10-29
3478,Фрилансеры,2024-10-07
3479,Курьеры,2025-01-03
3480,Таксисты,2025-01-09
3481,Курьеры,2024-11-05
3482,Таксисты,2024-12-13
3483,Курьеры,2024-09-17
3484,Мастера услуг,2024-09-22
3485,Мастера услуг,2024-10-11
3486,Мастера услуг,2024-10-10
3487,Фрилансеры,2024-11-03
3488,Курьеры,2024-11-28
3489,Мастера услуг,2024-08-04
3490,Курьеры,2024-10-30
3491,Курьеры,2024-12-26
3492,Курьеры,2024-10-28
3493,Таксисты,2025-01-15
3494,Мастера услуг,2024-09-11
3495,Мастера услуг,2024-08-19
3496,Мастера услуг,2024-10-30
3497,Таксисты,2024-12-23
3498,Мастера услуг,2024-08-29
3499,Курьеры,2024-11-21
3500,Курьеры,2024-09-05
3501,Мастера услуг,2025-01-16
3502,Фрилансеры,2024-08-25
3503,Фрилансеры,2025-01-09
3504,Курьеры,2024-12-05
3505,Мастера услуг,2024-10-06
3506,Таксисты,2025-01-17
3507,Мастера услуг,2024-08-04
3508,Курьеры,2024-10-13
3509,Мастера услуг,2024-10-18
3510,Курьеры,2025-01-13
3511,Курьеры,2024-12-16
3512,Мастера услуг,2025-01-02
3513,Курьеры,2024-11-26
3514,Фрилансеры,2024-12-12
3515,Курьеры,2024-09-15
3516,Мастера услуг,2024-09-04
3517,Фрилансеры,2024-10-29
3518,Фрилансеры,2024-10-28
3519,Фрилансеры,2024-09-20
3520,Мастера услуг,2024-11-01
3521,Таксисты,2025-01-01
3522,Фрилансеры,2024-09-11
3523,Таксисты,2024-08-25
3524,Мастера услуг,2024-12-19
3525,Курьеры,2024-09-11
3526,Курьеры,2025-01-02
3527,Фрилансеры,2024-11-07
3528,Мастера услуг,2024-12-31
3529,Курьеры,2024-09-16
3530,Фрилансеры,2024-11-29
3531,Фрилансеры,2024-12-14
3532,Мастера услуг,2024-08-25
3533,Таксисты,2024-11-17
3534,Мастера услуг,2025-01-10
3535,Курьеры,2024-10-11
3536,Курьеры,2024-09-08
3537,Курьеры,2024-11-05
3538,Мастера услуг,2024-10-11
3539,Курьеры,2024-08-21
3540,Мастера услуг,2025-01-26
3541,Курьеры,2024-11-12
3542,Таксисты,2025-01-25
3543,Курьеры,2024-08-29
3544,Таксисты,2024-08-28
3545,Курьеры,2024-10-16
3546,Курьеры,2024-09-18
3547,Фрилансеры,2024-09-03
3548,Курьеры,2024-10-07
3549,Фрилансеры,2024-10-18
3550,Таксисты,2024-09-13
3551,Мастера услуг,2024-09-02
3552,Мастера услуг,2024-11-25
3553,Курьеры,2024-10-04
3554,Мастера услуг,2025-01-16
3555,Таксисты,2024-09-24
3556,Курьеры,2024-09-10
3557,Курьеры,2024-12-19
3558,Фрилансеры,2024-09-27
3559,Мастера услуг,2025-01-08
3560,Фрилансеры,2024-10-30
3561,Курьеры,2024-08-11
3562,Таксисты,2024-10-02
3563,Курьеры,2024-11-04
3564,Таксисты,2024-11-04
3565,Фрилансеры,2024-11-27
3566,Фрилансеры,2024-08-29
3567,Таксисты,2024-12-23
3568,Таксисты,2024-08-16
3569,Таксисты,2024-11-23
3570,Фрилансеры,2025-01-04
3571,Таксисты,2024-11-09
3572,Таксисты,2024-11-07
3573,Фрилансеры,2024-11-24
3574,Фрилансеры,2024-11-18
3575,Курьеры,2024-10-28
3576,Фрилансеры,2024-08-30
3577,Фрилансеры,2024-09-25
3578,Курьеры,2024-08-07
3579,Фрилансеры,2024-08-31
3580,Курьеры,2024-08-10
3581,Фрилансеры,2025-01-10
3582,Таксисты,2024-10-31
3583,Таксисты,2024-11-04
3584,Таксисты,2025-01-12
3585,Таксисты,2024-11-09
3586,Курьеры,2024-08-14
3587,Фрилансеры,2024-08-18
3588,Таксисты,2024-12-06
3589,Курьеры,2024-08-26
3590,Курьеры,2024-09-22
3591,Таксисты,2024-09-14
3592,Мастера услуг,2024-11-03
3593,Мастера услуг,2024-10-16
3594,Курьеры,2025-01-07
3595,Таксисты,2024-10-19
3596,Фрилансеры,2024-12-29
3597,Таксисты,2024-12-26
3598,Таксисты,2024-08-27
3599,Фрилансеры,2024-09-16
3600,Фрилансеры,2024-08-05
3601,Таксисты,2024-08-21
3602,Мастера услуг,2024-09-26
3603,Таксисты,2024-09-20
3604,Курьеры,2025-01-27
3605,Курьеры,2024-08-17
3606,Курьеры,2025-01-20
3607,Мастера услуг,2024-08-22
3608,Курьеры,2025-01-20
3609,Курьеры,2024-09-24
3610,Курьеры,2024-11-09
3611,Таксисты,2024-12-11
3612,Таксисты,2024-08-24
3613,Таксисты,2025-01-02
3614,Мастера услуг,2024-08-26
3615,Фрилансеры,2025-01-15
3616,Мастера услуг,2024-10-02
3617,Таксисты,2024-12-26
3618,Курьеры,2024-11-04
3619,Мастера услуг,2025-01-07
3620,Мастера услуг,2024-11-28
3621,Фрилансеры,2024-08-23
3622,Фрилансеры,2024-11-27
3623,Фрилансеры,2024-12-07
3624,Курьеры,2024-12-24
3625,Курьеры,2024-11-20
3626,Фрилансеры,2024-11-01
3627,Таксисты,2024-09-18
3628,Курьеры,2024-08-02
3629,Мастера услуг,2024-09-30
3630,Курьеры,2024-10-22
3631,Курьеры,2024-11-08
3632,Мастера услуг,2024-11-06
3633,Курьеры,2025-01-05
3634,Мастера услуг,2024-12-10
3635,Курьеры,2024-10-13
3636,Мастера услуг,2025-01-01
3637,Курьеры,2024-08-22
3638,Фрилансеры,2024-12-02
3639,Таксисты,2024-10-04
3640,Курьеры,2024-08-06
3641,Мастера услуг,2024-11-26
3642,Фрилансеры,2024-12-07
3643,Мастера услуг,2024-11-25
3644,Курьеры,2024-08-14
3645,Фрилансеры,2024-12-25
3646,Курьеры,2024-08-02
3647,Мастера услуг,2024-12-05
3648,Фрилансеры,2024-12-11
3649,Фрилансеры,2024-10-20
3650,Фрилансеры,2024-08-23
3651,Курьеры,2024-08-31
3652,Мастера услуг,2025-01-25
3653,Курьеры,2024-10-12
3654,Таксисты,2024-11-23
3655,Мастера услуг,2024-12-11
3656,Фрилансеры,2024-11-03
3657,Таксисты,2024-10-28
3658,Курьеры,2024-11-20
3659,Мастера услуг,2025-01-26
3660,Мастера услуг,2024-12-22
3661,Мастера услуг,2024-11-23
3662,Курьеры,2024-11-19
3663,Таксисты,2024-10-02
3664,Мастера услуг,2024-12-23
3665,Мастера услуг,2024-10-05
3666,Мастера услуг,2024-08-11
3667,Фрилансеры,2024-10-26
3668,Таксисты,2024-12-30
3669,Курьеры,2024-12-09
3670,Мастера услуг,2024-09-25
3671,Мастера услуг,2024-09-24
3672,Курьеры,2024-12-30
3673,Курьеры,2024-11-10
3674,Курьеры,2024-11-04
3675,Фрилансеры,2025-01-18
3676,Курьеры,2024-12-07
3677,Курьеры,2024-11-16
3678,Мастера услуг,2024-12-01
3679,Курьеры,2024-10-21
3680,Мастера услуг,2024-11-10
3681,Курьеры,2024-08-06
3682,Курьеры,2024-12-09
3683,Курьеры,2024-08-07
3684,Фрилансеры,2024-11-23
3685,Курьеры,2025-01-20
3686,Фрилансеры,2024-11-19
3687,Курьеры,2024-10-02
3688,Мастера услуг,2024-08-22
3689,Таксисты,2024-12-18
3690,Фрилансеры,2024-08-26
3691,Мастера услуг,2024-11-20
3692,Таксисты,2024-11-29
3693,Курьеры,2024-11-07
3694,Курьеры,2024-09-27
3695,Мастера услуг,2024-09-24
3696,Курьеры,2024-08-10
3697,Мастера услуг,2024-12-06
3698,Курьеры,2024-08-14
3699,Таксисты,2024-11-15
3700,Таксисты,2025-01-06
3701,Курьеры,2024-09-22
3702,Курьеры,2024-09-27
3703,Фрилансеры,2024-12-24
3704,Таксисты,2025-01-14
3705,Фрилансеры,2025-01-10
3706,Курьеры,2024-08-03
3707,Мастера услуг,2024-10-10
3708,Мастера услуг,2024-12-27
3709,Таксисты,2024-08-09
3710,Курьеры,2024-08-17
3711,Курьеры,2024-12-27
3712,Мастера услуг,2024-11-15
3713,Курьеры,2024-10-20
3714,Курьеры,2024-08-19
3715,Курьеры,2025-01-14
3716,Мастера услуг,2025-01-10
3717,Таксисты,2024-11-07
3718,Курьеры,2024-09-12
3719,Курьеры,2025-01-18
3720,Фрилансеры,2025-01-27
3721,Курьеры,2024-08-30
3722,Курьеры,2024-08-09
3723,Мастера услуг,2024-12-04
3724,Мастера услуг,2024-08-14
3725,Курьеры,2024-10-11
3726,Таксисты,2024-08-29
3727,Таксисты,2025-01-01
3728,Курьеры,2024-09-05
3729,Мастера услуг,2024-12-21
3730,Мастера услуг,2025-01-18
3731,Курьеры,2024-08-01
3732,Мастера услуг,2024-09-09
3733,Фрилансеры,2024-12-28
3734,Курьеры,2024-09-25
3735,Курьеры,2024-11-02
3736,Курьеры,2025-01-27
3737,Фрилансеры,2024-09-10
3738,Фрилансеры,2024-09-18
3739,Фрилансеры,2024-11-01
3740,Фрилансеры,2024-12-30
3741,Курьеры,2024-11-27
3742,Курьеры,2024-09-29
3743,Таксисты,2024-08-15
3744,Курьеры,2024-08-07
3745,Курьеры,2024-08-09
3746,Фрилансеры,2024-09-19
3747,Мастера услуг,2025-01-09
3748,Таксисты,2024-08-08
3749,Таксисты,2025-01-03
3750,Мастера услуг,2024-12-02
3751,Курьеры,2024-12-20
3752,Таксисты,2025-01-12
3753,Мастера услуг,2025-01-15
3754,Курьеры,2024-11-02
3755,Таксисты,2024-11-26
3756,Курьеры,2024-09-26
3757,Курьеры,2025-01-06
3758,Таксисты,2024-08-14
3759,Курьеры,2024-08-09
3760,Таксисты,2024-10-06
3761,Мастера услуг,2024-08-01
3762,Таксисты,2024-11-02
3763,Мастера услуг,2024-12-26
3764,Курьеры,2024-09-17
3765,Мастера услуг,2024-09-16
3766,Курьеры,2024-11-28
3767,Таксисты,2024-10-12
3768,Мастера услуг,2025-01-22
3769,Курьеры,2025-01-01
3770,Мастера услуг,2024-11-07
3771,Курьеры,2025-01-09
3772,Фрилансеры,2024-10-14
3773,Курьеры,2024-12-04
3774,Мастера услуг,2025-01-25
3775,Таксисты,2024-11-28
3776,Курьеры,2024-08-26
3777,Курьеры,2024-10-17
3778,Таксисты,2024-08-01
3779,Курьеры,2025-01-05
3780,Мастера услуг,2024-09-28
3781,Курьеры,2024-10-29
3782,Мастера услуг,2024-12-13
3783,Курьеры,2024-10-20
3784,Курьеры,2025-01-26
3785,Фрилансеры,2025-01-06
3786,Мастера услуг,2024-08-17
3787,Курьеры,2024-08-01
3788,Мастера услуг,2024-10-24
3789,Таксисты,2024-12-03
3790,Таксисты,2024-12-01
3791,Курьеры,2024-10-15
3792,Курьеры,2024-12-03
3793,Фрилансеры,2024-11-02
3794,Курьеры,2024-11-08
3795,Курьеры,2024-10-13
3796,Курьеры,2024-11-25
3797,Таксисты,2024-11-09
3798,Таксисты,2024-12-03
3799,Фрилансеры,2024-12-16
3800,Мастера услуг,2025-01-05
3801,Курьеры,2024-10-03
3802,Мастера услуг,2024-10-17
3803,Мастера услуг,2024-11-19
3804,Таксисты,2025-01-24
3805,Курьеры,2024-10-17
3806,Фрилансеры,2025-01-16
3807,Таксисты,2024-09-29
3808,Таксисты,2024-11-08
3809,Таксисты,2024-10-14
3810,Курьеры,2024-09-16
3811,Таксисты,2024-08-16
3812,Курьеры,2024-11-27
3813,Мастера услуг,2024-12-25
3814,Таксисты,2024-08-20
3815,Мастера услуг,2025-01-26
3816,Курьеры,2024-09-19
3817,Фрилансеры,2024-11-09
3818,Курьеры,2024-10-14
3819,Фрилансеры,2024-08-31
3820,Таксисты,2025-01-09
3821,Фрилансеры,2024-08-15
3822,Фрилансеры,2024-10-23
3823,Таксисты,2024-10-16
3824,Курьеры,2024-10-01
3825,Мастера услуг,2024-08-04
3826,Таксисты,2024-11-24
3827,Курьеры,2024-08-02
3828,Таксисты,2024-09-19
3829,Фрилансеры,2025-01-06
3830,Мастера услуг,2024-10-28
3831,Курьеры,2024-09-02
3832,Курьеры,2024-09-27
3833,Курьеры,2025-01-10
3834,Фрилансеры,2024-11-14
3835,Курьеры,2025-01-20
3836,Курьеры,2024-08-14
3837,Курьеры,2024-09-28
3838,Курьеры,2024-12-24
3839,Мастера услуг,2024-11-08
3840,Фрилансеры,2024-12-09
3841,Фрилансеры,2024-08-17
3842,Мастера услуг,2024-10-03
3843,Курьеры,2025-01-20
3844,Таксисты,2025-01-10
3845,Фрилансеры,2024-08-29
3846,Таксисты,2024-10-13
3847,Курьеры,2024-11-10
3848,Курьеры,2024-10-14
3849,Курьеры,2024-12-28
3850,Курьеры,2024-11-14
3851,Таксисты,2024-12-06
3852,Курьеры,2024-09-10
3853,Курьеры,2025-01-09
3854,Мастера услуг,2024-12-25
3855,Фрилансеры,2024-09-13
3856,Таксисты,2024-11-17
3857,Мастера услуг,2024-11-09
3858,Курьеры,2024-11-21
3859,Курьеры,2024-12-13
3860,Таксисты,2024-11-17
3861,Мастера услуг,2024-10-07
3862,Мастера услуг,2024-12-18
3863,Курьеры,2024-08-21
3864,Фрилансеры,2024-11-17
3865,Мастера услуг,2024-11-30
3866,Фрилансеры,2024-12-24
3867,Мастера услуг,2024-08-10
3868,Мастера услуг,2024-10-09
3869,Мастера услуг,2024-12-31
3870,Мастера услуг,2024-12-19
3871,Фрилансеры,2025-01-11
3872,Мастера услуг,2024-10-08
3873,Курьеры,2024-09-12
3874,Курьеры,2024-08-01
3875,Фрилансеры,2024-12-16
3876,Таксисты,2024-09-02
3877,Мастера услуг,2024-08-30
3878,Мастера услуг,2024-12-25
3879,Мастера услуг,2024-11-10
3880,Таксисты,2024-12-18
3881,Фрилансеры,2024-09-19
3882,Курьеры,2024-11-09
3883,Таксисты,2025-01-06
3884,Таксисты,2024-09-11
3885,Курьеры,2024-10-16
3886,Таксисты,2024-12-25
3887,Мастера услуг,2025-01-05
3888,Мастера услуг,2024-08-10
3889,Курьеры,2024-09-27
3890,Фрилансеры,2024-10-03
3891,Мастера услуг,2024-11-01
3892,Фрилансеры,2024-12-18
3893,Таксисты,2024-10-30
3894,Таксисты,2024-11-02
3895,Мастера услуг,2025-01-19
3896,Фрилансеры,2024-08-30
3897,Курьеры,2024-11-27
3898,Курьеры,2024-11-16
3899,Мастера услуг,2024-08-28
3900,Мастера услуг,2024-10-29
3901,Курьеры,2025-01-16
3902,Мастера услуг,2024-09-02
3903,Таксисты,2025-01-27
3904,Курьеры,2024-09-25
3905,Таксисты,2024-12-24
3906,Таксисты,2024-12-26
3907,Таксисты,2024-10-18
3908,Курьеры,2024-08-21
3909,Курьеры,2024-10-11
3910,Курьеры,2024-10-14
3911,Мастера услуг,2024-10-20
3912,Курьеры,2024-08-19
3913,Курьеры,2024-10-06
3914,Курьеры,2024-10-14
3915,Курьеры,2024-09-13
3916,Мастера услуг,2024-10-21
3917,Фрилансеры,2024-12-16
3918,Курьеры,2024-09-18
3919,Фрилансеры,2024-09-30
3920,Фрилансеры,2024-11-19
3921,Таксисты,2024-12-03
3922,Курьеры,2024-09-07
3923,Курьеры,2024-12-24
3924,Мастера услуг,2024-08-07
3925,Мастера услуг,2024-12-25
3926,Мастера услуг,2024-08-01
3927,Мастера услуг,2024-09-14
3928,Фрилансеры,2024-09-09
3929,Фрилансеры,2024-12-24
3930,Таксисты,2024-11-11
3931,Мастера услуг,2024-12-04
3932,Фрилансеры,2024-11-25
3933,Курьеры,2024-10-31
3934,Мастера услуг,2024-11-07
3935,Курьеры,2024-08-10
3936,Таксисты,2024-09-20
3937,Таксисты,2024-10-03
3938,Фрилансеры,2024-08-20
3939,Курьеры,2024-10-23
3940,Курьеры,2024-08-06
3941,Мастера услуг,2024-08-12
3942,Мастера услуг,2024-10-19
3943,Таксисты,2024-12-19
3944,Курьеры,2025-01-10
3945,Фрилансеры,2024-08-24
3946,Курьеры,2024-12-27
3947,Курьеры,2024-08-20
3948,Курьеры,2024-08-26
3949,Таксисты,2024-12-02
3950,Курьеры,2025-01-14
3951,Курьеры,2024-09-22
3952,Фрилансеры,2024-10-24
3953,Таксисты,2024-11-04
3954,Таксисты,2024-08-10
3955,Мастера услуг,2024-08-23
3956,Фрилансеры,2024-09-12
3957,Таксисты,2024-12-01
3958,Фрилансеры,2024-09-29
3959,Курьеры,2025-01-08
3960,Мастера услуг,2024-08-03
3961,Таксисты,2024-10-09
3962,Курьеры,2025-01-09
3963,Таксисты,2025-01-01
3964,Курьеры,2024-08-10
3965,Мастера услуг,2024-08-15
3966,Мастера услуг,2024-10-15
3967,Курьеры,2024-10-13
3968,Курьеры,2024-11-16
3969,Таксисты,2024-09-08
3970,Курьеры,2024-10-13
3971,Курьеры,2025-01-02
3972,Курьеры,2024-10-30
3973,Курьеры,2024-09-25
3974,Таксисты,2024-10-13
3975,Курьеры,2024-08-22
3976,Таксисты,2024-10-18
3977,Курьеры,2024-12-19
3978,Курьеры,2024-09-10
3979,Курьеры,2024-12-05
3980,Мастера услуг,2024-10-10
3981,Курьеры,2024-08-30
3982,Мастера услуг,2024-08-04
3983,Курьеры,2024-10-18
3984,Курьеры,2024-11-29
3985,Мастера услуг,2024-10-12
3986,Курьеры,2024-12-19
3987,Мастера услуг,2024-12-09
3988,Мастера услуг,2024-11-07
3989,Фрилансеры,2025-01-08
3990,Мастера услуг,2024-08-24
3991,Таксисты,2025-01-13
3992,Курьеры,2024-12-01
3993,Мастера услуг,2024-12-27
3994,Таксисты,2025-01-18
3995,Курьеры,2024-12-13
3996,Курьеры,2025-01-22
3997,Мастера услуг,2025-01-09
3998,Курьеры,2024-08-08
3999,Мастера услуг,2024-08-15
4000,Курьеры,2024-10-26
4001,Курьеры,2024-12-15
4002,Таксисты,2025-01-06
4003,Курьеры,2024-09-18
4004,Курьеры,2025-01-09
4005,Фрилансеры,2024-12-11
4006,Таксисты,2024-09-02
4007,Таксисты,2024-10-02
4008,Фрилансеры,2025-01-15
4009,Мастера услуг,2025-01-06
4010,Таксисты,2025-01-08
4011,Курьеры,2024-10-15
4012,Мастера услуг,2024-12-31
4013,Курьеры,2024-12-12
4014,Мастера услуг,2024-10-03
4015,Курьеры,2024-08-31
4016,Таксисты,2024-10-10
4017,Таксисты,2025-01-04
4018,Курьеры,2024-11-20
4019,Курьеры,2024-10-03
4020,Мастера услуг,2024-08-13
4021,Мастера услуг,2025-01-21
4022,Фрилансеры,2024-08-22
4023,Мастера услуг,2024-12-21
4024,Фрилансеры,2024-09-12
4025,Мастера услуг,2024-09-27
4026,Курьеры,2024-10-30
4027,Фрилансеры,2024-12-27
4028,Таксисты,2024-09-06
4029,Курьеры,2025-01-23
4030,Курьеры,2025-01-14
4031,Фрилансеры,2024-08-07
4032,Курьеры,2024-12-31
4033,Мастера услуг,2024-08-03
4034,Курьеры,2024-12-09
4035,Фрилансеры,2024-09-03
4036,Курьеры,2024-08-23
4037,Мастера услуг,2025-01-01
4038,Курьеры,2024-08-09
4039,Фрилансеры,2024-11-21
4040,Курьеры,2024-12-29
4041,Таксисты,2024-11-14
4042,Фрилансеры,2024-12-21
4043,Курьеры,2024-12-09
4044,Курьеры,2024-09-01
4045,Мастера услуг,2024-10-10
4046,Курьеры,2025-01-01
4047,Мастера услуг,2024-11-09
4048,Таксисты,2024-12-16
4049,Фрилансеры,2024-12-05
4050,Мастера услуг,2024-10-18
4051,Таксисты,2024-11-25
4052,Таксисты,2024-12-15
4053,Таксисты,2024-08-19
4054,Фрилансеры,2024-08-11
4055,Таксисты,2024-08-25
4056,Мастера услуг,2024-09-02
4057,Мастера услуг,2025-01-21
4058,Курьеры,2024-10-19
4059,Курьеры,2024-11-03
4060,Фрилансеры,2024-12-13
4061,Курьеры,2024-09-01
4062,Курьеры,2024-09-27
4063,Курьеры,2024-12-03
4064,Фрилансеры,2024-11-26
4065,Фрилансеры,2024-09-28
4066,Курьеры,2024-08-27
4067,Мастера услуг,2024-10-20
4068,Таксисты,2024-09-08
4069,Мастера услуг,2024-09-04
4070,Курьеры,2024-10-30
4071,Курьеры,2024-11-19
4072,Курьеры,2024-11-20
4073,Курьеры,2024-09-11
4074,Курьеры,2024-08-20
4075,Курьеры,2025-01-03
4076,Фрилансеры,2025-01-14
4077,Курьеры,2024-09-05
4078,Курьеры,2024-09-15
4079,Мастера услуг,2024-11-13
4080,Фрилансеры,2024-11-16
4081,Фрилансеры,2024-08-06
4082,Курьеры,2024-12-23
4083,Таксисты,2024-08-31
4084,Курьеры,2025-01-18
4085,Таксисты,2024-11-12
4086,Таксисты,2024-12-20
4087,Курьеры,2025-01-23
4088,Мастера услуг,2025-01-27
4089,Фрилансеры,2024-11-09
4090,Курьеры,2024-10-28
4091,Курьеры,2025-01-17
4092,Курьеры,2024-10-04
4093,Мастера услуг,2024-11-21
4094,Курьеры,2024-12-29
4095,Таксисты,2024-12-04
4096,Фрилансеры,2024-10-14
4097,Таксисты,2024-08-14
4098,Фрилансеры,2024-11-08
4099,Курьеры,2024-12-03
4100,Курьеры,2024-12-08
4101,Мастера услуг,2024-08-22
4102,Курьеры,2024-08-11
4103,Мастера услуг,2024-08-04
4104,Фрилансеры,2024-11-27
4105,Курьеры,2025-01-01
4106,Курьеры,2025-01-08
4107,Курьеры,2024-09-01
4108,Курьеры,2024-10-26
4109,Курьеры,2024-12-22
4110,Фрилансеры,2025-01-16
4111,Таксисты,2024-11-29
4112,Мастера услуг,2024-10-21
4113,Курьеры,2024-10-01
4114,Таксисты,2025-01-07
4115,Фрилансеры,2024-12-28
4116,Таксисты,2025-01-21
4117,Мастера услуг,2024-08-20
4118,Фрилансеры,2024-09-16
4119,Мастера услуг,2024-08-26
4120,Мастера услуг,2024-09-14
4121,Таксисты,2024-10-04
4122,Таксисты,2024-10-17
4123,Таксисты,2024-12-05
4124,Фрилансеры,2024-08-02
4125,Курьеры,2024-09-09
4126,Фрилансеры,2024-09-01
4127,Мастера услуг,2024-08-06
4128,Фрилансеры,2024-09-28
4129,Таксисты,2024-10-28
4130,Фрилансеры,2024-09-04
4131,Фрилансеры,2024-09-07
4132,Курьеры,2024-08-12
4133,Таксисты,2024-12-31
4134,Курьеры,2024-11-20
4135,Фрилансеры,2024-10-25
4136,Фрилансеры,2025-01-02
4137,Фрилансеры,2025-01-25
4138,Таксисты,2024-11-08
4139,Курьеры,2024-12-02
4140,Курьеры,2024-08-27
4141,Фрилансеры,2024-10-23
4142,Курьеры,2024-09-14
4143,Мастера услуг,2024-10-21
4144,Курьеры,2024-08-02
4145,Таксисты,2024-11-23
4146,Курьеры,2024-09-05
4147,Курьеры,2024-08-15
4148,Мастера услуг,2024-09-22
4149,Таксисты,2024-12-18
4150,Курьеры,2024-09-16
4151,Мастера услуг,2024-08-05
4152,Курьеры,2024-10-02
4153,Фрилансеры,2024-08-03
4154,Мастера услуг,2024-10-12
4155,Мастера услуг,2025-01-26
4156,Таксисты,2025-01-11
4157,Фрилансеры,2024-09-20
4158,Таксисты,2024-09-18
4159,Таксисты,2024-11-18
4160,Курьеры,2024-09-15
4161,Таксисты,2024-10-19
4162,Мастера услуг,2024-09-16
4163,Мастера услуг,2024-12-08
4164,Курьеры,2024-10-13
4165,Мастера услуг,2024-10-28
4166,Таксисты,2024-12-10
4167,Курьеры,2024-10-08
4168,Фрилансеры,2024-12-30
4169,Курьеры,2024-09-04
4170,Таксисты,2025-01-20
4171,Фрилансеры,2024-09-23
4172,Таксисты,2024-12-25
4173,Таксисты,2024-08-07
4174,Курьеры,2024-08-04
4175,Курьеры,2024-11-23
4176,Мастера услуг,2024-09-16
4177,Фрилансеры,2024-09-17
4178,Курьеры,2024-08-12
4179,Мастера услуг,2025-01-15
4180,Фрилансеры,2024-09-02
4181,Таксисты,2025-01-10
4182,Курьеры,2024-09-03
4183,Мастера услуг,2024-09-22
4184,Курьеры,2024-09-02
4185,Курьеры,2024-08-16
4186,Фрилансеры,2024-09-21
4187,Мастера услуг,2024-08-14
4188,Мастера услуг,2024-10-28
4189,Мастера услуг,2025-01-11
4190,Курьеры,2025-01-05
4191,Курьеры,2024-09-17
4192,Мастера услуг,2024-10-29
4193,Курьеры,2025-01-05
4194,Фрилансеры,2024-10-19
4195,Фрилансеры,2024-10-24
4196,Курьеры,2024-11-17
4197,Таксисты,2024-12-08
4198,Курьеры,2024-12-01
4199,Фрилансеры,2024-12-18
4200,Мастера услуг,2024-09-26
4201,Курьеры,2024-10-15
4202,Курьеры,2024-11-20
4203,Курьеры,2024-12-16
4204,Курьеры,2024-09-23
4205,Таксисты,2024-12-19
4206,Курьеры,2024-10-05
4207,Таксисты,2025-01-12
4208,Фрилансеры,2024-12-25
4209,Таксисты,2024-11-18
4210,Фрилансеры,2024-11-06
4211,Мастера услуг,2024-09-27
4212,Фрилансеры,2025-01-13
4213,Курьеры,2024-10-10
4214,Фрилансеры,2024-09-16
4215,Курьеры,2024-10-27
4216,Мастера услуг,2024-09-21
4217,Таксисты,2024-09-21
4218,Мастера услуг,2025-01-24
4219,Курьеры,2024-08-08
4220,Курьеры,2024-10-25
4221,Курьеры,2024-08-04
4222,Фрилансеры,2025-01-22
4223,Таксисты,2024-12-24
4224,Мастера услуг,2024-12-14
4225,Таксисты,2024-08-04
4226,Таксисты,2024-10-17
4227,Фрилансеры,2024-12-31
4228,Мастера услуг,2024-12-03
4229,Курьеры,2025-01-12
4230,Фрилансеры,2025-01-02
4231,Таксисты,2025-01-23
4232,Курьеры,2024-11-18
4233,Мастера услуг,2024-12-18
4234,Курьеры,2024-09-23
4235,Курьеры,2024-09-20
4236,Фрилансеры,2024-10-28
4237,Мастера услуг,2024-09-04
4238,Мастера услуг,2024-10-04
4239,Таксисты,2024-11-25
4240,Фрилансеры,2024-12-17
4241,Курьеры,2024-11-06
4242,Таксисты,2024-09-15
4243,Курьеры,2024-09-07
4244,Мастера услуг,2024-09-27
4245,Курьеры,2024-11-07
4246,Таксисты,2024-11-16
4247,Мастера услуг,2024-09-30
4248,Курьеры,2024-09-29
4249,Мастера услуг,2024-12-21
4250,Мастера услуг,2025-01-01
4251,Мастера услуг,2024-11-28
4252,Фрилансеры,2025-01-24
4253,Фрилансеры,2024-08-19
4254,Таксисты,2025-01-15
4255,Курьеры,2024-08-03
4256,Курьеры,2024-08-03
4257,Фрилансеры,2025-01-21
4258,Фрилансеры,2024-12-08
4259,Курьеры,2024-10-18
4260,Мастера услуг,2024-08-29
4261,Таксисты,2024-08-02
4262,Курьеры,2024-09-08
4263,Мастера услуг,2024-11-06
4264,Курьеры,2024-12-19
4265,Курьеры,2024-10-01
4266,Курьеры,2024-10-28
4267,Мастера услуг,2024-09-13
4268,Таксисты,2025-01-16
4269,Курьеры,2024-08-01
4270,Мастера услуг,2025-01-03
4271,Курьеры,2025-01-22
4272,Таксисты,2024-10-03
4273,Мастера услуг,2024-09-08
4274,Курьеры,2024-09-09
4275,Мастера услуг,2024-09-19
4276,Курьеры,2024-12-09
4277,Фрилансеры,2024-11-05
4278,Мастера услуг,2024-08-06
4279,Таксисты,2024-12-23
4280,Курьеры,2024-11-11
4281,Мастера услуг,2024-11-03
4282,Мастера услуг,2024-11-10
4283,Таксисты,2024-12-18
4284,Фрилансеры,2024-10-06
4285,Курьеры,2024-12-28
4286,Таксисты,2024-08-16
4287,Таксисты,2024-08-14
4288,Таксисты,2024-12-10
4289,Фрилансеры,2024-12-16
4290,Фрилансеры,2024-08-22
4291,Мастера услуг,2024-08-01
4292,Мастера услуг,2024-08-08
4293,Мастера услуг,2024-09-01
4294,Курьеры,2024-08-01
4295,Курьеры,2024-08-25
4296,Фрилансеры,2024-09-27
4297,Мастера услуг,2024-08-29
4298,Мастера услуг,2024-08-28
4299,Курьеры,2024-10-28
4300,Таксисты,2025-01-19
4301,Фрилансеры,2024-09-06
4302,Таксисты,2025-01-14
4303,Курьеры,2024-11-15
4304,Курьеры,2024-09-26
4305,Курьеры,2024-08-21
4306,Мастера услуг,2024-10-17
4307,Курьеры,2025-01-09
4308,Таксисты,2024-10-08
4309,Курьеры,2024-10-17
4310,Таксисты,2024-08-26
4311,Фрилансеры,2024-10-16
4312,Курьеры,2024-08-24
4313,Фрилансеры,2024-11-10
4314,Таксисты,2024-11-11
4315,Таксисты,2025-01-03
4316,Курьеры,2024-08-14
4317,Курьеры,2024-11-09
4318,Таксисты,2025-01-24
4319,Таксисты,2024-11-05
4320,Таксисты,2024-11-21
4321,Мастера услуг,2024-08-20
4322,Мастера услуг,2024-10-06
4323,Фрилансеры,2024-08-06
4324,Курьеры,2024-10-09
4325,Мастера услуг,2024-11-22
4326,Мастера услуг,2024-12-22
4327,Мастера услуг,2024-10-05
4328,Фрилансеры,2024-09-23
4329,Курьеры,2024-10-03
4330,Курьеры,2024-09-28
4331,Фрилансеры,2024-09-11
4332,Мастера услуг,2024-09-18
4333,Курьеры,2024-10-10
4334,Мастера услуг,2024-12-18
4335,Таксисты,2025-01-05
4336,Фрилансеры,2025-01-22
4337,Курьеры,2024-10-26
4338,Мастера услуг,2024-11-26
4339,Мастера услуг,2025-01-01
4340,Курьеры,2024-10-27
4341,Курьеры,2024-11-04
4342,Мастера услуг,2024-10-10
4343,Таксисты,2024-10-22
4344,Мастера услуг,2024-08-10
4345,Таксисты,2024-08-26
4346,Мастера услуг,2024-12-15
4347,Фрилансеры,2024-08-16
4348,Курьеры,2024-09-29
4349,Мастера услуг,2024-08-11
4350,Мастера услуг,2024-11-30
4351,Фрилансеры,2024-09-03
4352,Таксисты,2024-09-03
4353,Фрилансеры,2024-11-09
4354,Фрилансеры,2024-08-20
4355,Курьеры,2025-01-23
4356,Фрилансеры,2024-10-11
4357,Курьеры,2024-09-22
4358,Фрилансеры,2024-12-12
4359,Курьеры,2024-12-31
4360,Мастера услуг,2024-08-14
4361,Курьеры,2025-01-25
4362,Таксисты,2025-01-15
4363,Таксисты,2024-10-12
4364,Фрилансеры,2025-01-11
4365,Курьеры,2024-10-12
4366,Таксисты,2024-11-15
4367,Мастера услуг,2024-10-16
4368,Таксисты,2024-09-16
4369,Курьеры,2024-11-21
4370,Мастера услуг,2024-10-23
4371,Курьеры,2024-09-27
4372,Курьеры,2024-09-20
4373,Таксисты,2024-09-03
4374,Мастера услуг,2024-11-29
4375,Таксисты,2024-11-06
4376,Таксисты,2024-10-17
4377,Таксисты,2024-12-09
4378,Таксисты,2024-12-22
4379,Таксисты,2024-10-22
4380,Фрилансеры,2024-12-04
4381,Курьеры,2025-01-14
4382,Мастера услуг,2024-08-31
4383,Фрилансеры,2024-12-01
4384,Мастера услуг,2024-11-19
4385,Фрилансеры,2025-01-12
4386,Курьеры,2025-01-18
4387,Мастера услуг,2024-09-15
4388,Курьеры,2025-01-05
4389,Мастера услуг,2025-01-09
4390,Таксисты,2024-08-26
4391,Таксисты,2024-10-19
4392,Фрилансеры,2024-08-07
4393,Мастера услуг,2025-01-14
4394,Мастера услуг,2024-11-13
4395,Курьеры,2024-08-02
4396,Фрилансеры,2024-10-27
4397,Курьеры,2025-01-23
4398,Таксисты,2024-12-15
4399,Фрилансеры,2024-11-18
4400,Фрилансеры,2024-08-03
4401,Фрилансеры,2024-12-15
4402,Таксисты,2024-12-15
4403,Мастера услуг,2024-11-29
4404,Мастера услуг,2024-11-23
4405,Мастера услуг,2025-01-04
4406,Курьеры,2024-11-07
4407,Фрилансеры,2024-11-11
4408,Курьеры,2024-09-22
4409,Курьеры,2024-11-18
4410,Курьеры,2024-11-18
4411,Таксисты,2024-11-26
4412,Таксисты,2024-10-12
4413,Таксисты,2025-01-17
4414,Курьеры,2024-12-03
4415,Фрилансеры,2024-09-07
4416,Курьеры,2024-12-23
4417,Мастера услуг,2024-09-24
4418,Мастера услуг,2025-01-15
4419,Фрилансеры,2024-10-27
4420,Таксисты,2025-01-16
4421,Таксисты,2024-08-18
4422,Фрилансеры,2024-11-19
4423,Таксисты,2024-08-16
4424,Мастера услуг,2024-11-10
4425,Мастера услуг,2025-01-23
4426,Фрилансеры,2024-09-02
4427,Фрилансеры,2024-12-11
4428,Таксисты,2024-08-18
4429,Мастера услуг,2025-01-14
4430,Курьеры,2024-10-01
4431,Курьеры,2024-08-18
4432,Таксисты,2024-10-13
4433,Курьеры,2024-09-21
4434,Таксисты,2024-09-21
4435,Таксисты,2024-09-20
4436,Мастера услуг,2024-12-24
4437,Курьеры,2024-12-24
4438,Таксисты,2024-11-27
4439,Таксисты,2024-12-05
4440,Фрилансеры,2024-11-24
4441,Мастера услуг,2024-12-18
4442,Мастера услуг,2024-11-16
4443,Курьеры,2024-12-10
4444,Курьеры,2024-12-24
4445,Таксисты,2024-10-23
4446,Фрилансеры,2024-11-30
4447,Таксисты,2024-10-29
4448,Таксисты,2024-09-17
4449,Курьеры,2024-09-12
4450,Таксисты,2024-11-27
4451,Таксисты,2024-10-07
4452,Таксисты,2024-12-22
4453,Курьеры,2024-09-02
4454,Курьеры,2024-10-18
4455,Мастера услуг,2024-11-10
4456,Мастера услуг,2024-10-22
4457,Фрилансеры,2024-08-11
4458,Мастера услуг,2025-01-03
4459,Курьеры,2025-01-25
4460,Таксисты,2024-11-01
4461,Таксисты,2025-01-23
4462,Курьеры,2024-10-06
4463,Фрилансеры,2024-08-08
4464,Таксисты,2024-09-13
4465,Курьеры,2024-12-28
4466,Курьеры,2025-01-12
4467,Мастера услуг,2025-01-27
4468,Фрилансеры,2024-09-19
4469,Мастера услуг,2024-09-28
4470,Курьеры,2025-01-01
4471,Таксисты,2025-01-12
4472,Фрилансеры,2024-12-17
4473,Курьеры,2024-11-14
4474,Курьеры,2024-10-30
4475,Мастера услуг,2024-08-02
4476,Фрилансеры,2025-01-26
4477,Таксисты,2024-12-24
4478,Курьеры,2024-08-27
4479,Курьеры,2024-08-27
4480,Фрилансеры,2025-01-02
4481,Мастера услуг,2024-08-22
4482,Фрилансеры,2024-08-30
4483,Мастера услуг,2024-09-23
4484,Фрилансеры,2024-12-13
4485,Курьеры,2024-10-20
4486,Мастера услуг,2024-09-16
4487,Курьеры,2024-12-11
4488,Курьеры,2024-10-04
4489,Фрилансеры,2024-12-20
4490,Мастера услуг,2024-11-24
4491,Фрилансеры,2024-10-03
4492,Фрилансеры,2024-12-20
4493,Мастера услуг,2024-10-05
4494,Фрилансеры,2024-10-12
4495,Мастера услуг,2024-11-09
4496,Таксисты,2024-11-02
4497,Фрилансеры,2024-10-26
4498,Фрилансеры,2024-10-09
4499,Таксисты,2024-12-29
4500,Фрилансеры,2024-12-29
4501,Таксисты,2024-12-25
4502,Курьеры,2024-08-06
4503,Таксисты,2024-11-23
4504,Таксисты,2024-10-14
4505,Мастера услуг,2024-08-22
4506,Курьеры,2025-01-09
4507,Мастера услуг,2024-12-12
4508,Курьеры,2024-10-10
4509,Фрилансеры,2024-12-29
4510,Мастера услуг,2024-11-04
4511,Мастера услуг,2024-09-24
4512,Мастера услуг,2025-01-21
4513,Мастера услуг,2024-11-10
4514,Курьеры,2024-08-13
4515,Мастера услуг,2024-08-25
4516,Таксисты,2025-01-23
4517,Таксисты,2024-12-13
4518,Курьеры,2024-10-18
4519,Курьеры,2024-10-13
4520,Мастера услуг,2024-12-30
4521,Таксисты,2024-12-11
4522,Таксисты,2025-01-08
4523,Курьеры,2024-09-02
4524,Мастера услуг,2024-11-17
4525,Курьеры,2024-09-24
4526,Курьеры,2024-11-17
4527,Курьеры,2024-11-12
4528,Курьеры,2025-01-23
4529,Таксисты,2024-11-02
4530,Фрилансеры,2024-11-29
4531,Фрилансеры,2024-09-18
4532,Фрилансеры,2024-08-30
4533,Курьеры,2024-10-04
4534,Курьеры,2024-11-10
4535,Мастера услуг,2025-01-02
4536,Мастера услуг,2024-10-22
4537,Курьеры,2024-12-29
4538,Фрилансеры,2025-01-18
4539,Мастера услуг,2024-08-25
4540,Курьеры,2024-10-30
4541,Мастера услуг,2024-11-16
4542,Фрилансеры,2024-11-28
4543,Курьеры,2025-01-27
4544,Мастера услуг,2024-10-02
4545,Таксисты,2024-08-06
4546,Курьеры,2024-11-15
4547,Мастера услуг,2024-12-06
4548,Мастера услуг,2024-12-02
4549,Таксисты,2024-12-03
4550,Курьеры,2024-11-14
4551,Мастера услуг,2024-12-31
4552,Мастера услуг,2024-11-11
4553,Таксисты,2024-11-10
4554,Фрилансеры,2024-11-19
4555,Мастера услуг,2024-10-27
4556,Курьеры,2024-08-15
4557,Таксисты,2024-10-13
4558,Курьеры,2024-12-30
4559,Таксисты,2024-10-04
4560,Мастера услуг,2024-12-24
4561,Мастера услуг,2024-10-15
4562,Курьеры,2024-09-16
4563,Мастера услуг,2025-01-24
4564,Курьеры,2024-10-11
4565,Таксисты,2024-11-26
4566,Фрилансеры,2024-12-21
4567,Таксисты,2024-10-07
4568,Мастера услуг,2024-08-12
4569,Мастера услуг,2024-11-13
4570,Фрилансеры,2025-01-22
4571,Курьеры,2024-10-17
4572,Курьеры,2024-12-03
4573,Фрилансеры,2024-12-26
4574,Таксисты,2025-01-04
4575,Фрилансеры,2024-08-08
4576,Курьеры,2024-11-10
4577,Фрилансеры,2024-10-07
4578,Таксисты,2025-01-07
4579,Курьеры,2024-12-08
4580,Курьеры,2024-11-01
4581,Курьеры,2024-11-14
4582,Мастера услуг,2025-01-04
4583,Курьеры,2024-12-20
4584,Таксисты,2024-11-20
4585,Мастера услуг,2024-09-29
4586,Мастера услуг,2024-10-29
4587,Мастера услуг,2024-08-07
4588,Курьеры,2024-09-02
4589,Курьеры,2024-11-08
4590,Мастера услуг,2024-10-01
4591,Курьеры,2024-08-13
4592,Таксисты,2024-11-27
4593,Курьеры,2024-08-29
4594,Фрилансеры,2024-12-23
4595,Фрилансеры,2025-01-04
4596,Мастера услуг,2024-10-12
4597,Курьеры,2024-10-28
4598,Фрилансеры,2024-12-03
4599,Мастера услуг,2025-01-15
4600,Курьеры,2025-01-04
4601,Курьеры,2024-12-23
4602,Мастера услуг,2025-01-12
4603,Курьеры,2024-08-25
4604,Таксисты,2024-12-07
4605,Таксисты,2024-10-26
4606,Таксисты,2024-09-29
4607,Таксисты,2024-10-29
4608,Таксисты,2024-11-14
4609,Таксисты,2025-01-17
4610,Курьеры,2024-11-16
4611,Таксисты,2024-11-04
4612,Фрилансеры,2024-08-25
4613,Мастера услуг,2024-12-27
4614,Курьеры,2025-01-13
4615,Мастера услуг,2024-10-30
4616,Фрилансеры,2024-08-18
4617,Курьеры,2024-12-06
4618,Курьеры,2024-11-29
4619,Мастера услуг,2024-12-16
4620,Мастера услуг,2025-01-15
4621,Фрилансеры,2024-10-05
4622,Таксисты,2024-09-21
4623,Фрилансеры,2024-10-24
4624,Мастера услуг,2024-10-30
4625,Мастера услуг,2024-10-30
4626,Фрилансеры,2024-12-19
4627,Таксисты,2024-09-17
4628,Фрилансеры,2025-01-22
4629,Мастера услуг,2024-11-03
4630,Фрилансеры,2024-08-23
4631,Фрилансеры,2024-11-08
4632,Фрилансеры,2024-10-23
4633,Фрилансеры,2025-01-20
4634,Фрилансеры,2024-09-07
4635,Курьеры,2024-11-25
4636,Курьеры,2024-09-14
4637,Мастера услуг,2024-10-21
4638,Курьеры,2025-01-16
4639,Мастера услуг,2024-08-11
4640,Таксисты,2024-08-16
4641,Мастера услуг,2024-10-17
4642,Курьеры,2024-10-13
4643,Курьеры,2024-09-08
4644,Мастера услуг,2024-12-06
4645,Таксисты,2024-11-29
4646,Таксисты,2024-09-17
4647,Курьеры,2024-11-01
4648,Мастера услуг,2024-08-25
4649,Таксисты,2024-11-27
4650,Фрилансеры,2024-08-24
4651,Курьеры,2025-01-21
4652,Курьеры,2024-11-23
4653,Курьеры,2024-11-14
4654,Фрилансеры,2024-09-26
4655,Курьеры,2024-12-14
4656,Таксисты,2024-10-03
4657,Фрилансеры,2024-09-24
4658,Таксисты,2024-12-20
4659,Курьеры,2024-12-19
4660,Курьеры,2024-08-02
4661,Мастера услуг,2024-12-14
4662,Фрилансеры,2024-10-30
4663,Курьеры,2024-11-08
4664,Таксисты,2024-08-31
4665,Таксисты,2024-12-13
4666,Курьеры,2025-01-07
4667,Мастера услуг,2024-10-09
4668,Курьеры,2024-12-10
4669,Курьеры,2024-10-25
4670,Таксисты,2024-12-10
4671,Таксисты,2025-01-03
4672,Мастера услуг,2024-10-15
4673,Мастера услуг,2024-11-05
4674,Таксисты,2024-11-02
4675,Курьеры,2024-11-14
4676,Мастера услуг,2024-08-28
4677,Фрилансеры,2024-10-15
4678,Курьеры,2024-09-22
4679,Курьеры,2024-08-25
4680,Курьеры,2024-11-12
4681,Курьеры,2024-08-25
4682,Мастера услуг,2024-11-07
4683,Курьеры,2025-01-24
4684,Фрилансеры,2024-12-14
4685,Курьеры,2024-10-15
4686,Мастера услуг,2024-11-14
4687,Курьеры,2024-09-05
4688,Мастера услуг,2025-01-03
4689,Мастера услуг,2024-10-12
4690,Курьеры,2024-11-02
4691,Мастера услуг,2024-08-13
4692,Мастера услуг,2025-01-24
4693,Курьеры,2024-12-14
4694,Курьеры,2024-09-09
4695,Мастера услуг,2024-12-11
4696,Курьеры,2024-12-16
4697,Мастера услуг,2024-12-11
4698,Курьеры,2024-10-23
4699,Мастера услуг,2024-09-14
4700,Мастера услуг,2024-09-16
4701,Фрилансеры,2024-12-30
4702,Курьеры,2024-12-11
4703,Мастера услуг,2024-10-19
4704,Курьеры,2024-10-27
4705,Курьеры,2024-10-31
4706,Фрилансеры,2024-08-19
4707,Мастера услуг,2024-09-08
4708,Курьеры,2024-12-22
4709,Таксисты,2025-01-27
4710,Мастера услуг,2024-09-20
4711,Фрилансеры,2025-01-20
4712,Мастера услуг,2025-01-11
4713,Курьеры,2024-09-18
4714,Мастера услуг,2024-11-07
4715,Мастера услуг,2024-12-16
4716,Курьеры,2024-10-01
4717,Фрилансеры,2024-11-19
4718,Курьеры,2024-08-26
4719,Мастера услуг,2025-01-05
4720,Мастера услуг,2024-10-23
4721,Таксисты,2024-10-02
4722,Таксисты,2024-11-23
4723,Курьеры,2024-09-08
4724,Фрилансеры,2024-11-10
4725,Мастера услуг,2025-01-05
4726,Фрилансеры,2024-08-07
4727,Фрилансеры,2024-12-07
4728,Мастера услуг,2024-09-28
4729,Фрилансеры,2024-10-22
4730,Мастера услуг,2024-09-29
4731,Таксисты,2024-09-11
4732,Фрилансеры,2024-11-22
4733,Мастера услуг,2024-11-19
4734,Мастера услуг,2024-08-18
4735,Курьеры,2025-01-18
4736,Таксисты,2024-09-19
4737,Фрилансеры,2024-11-17
4738,Таксисты,2025-01-05
4739,Таксисты,2024-11-11
4740,Таксисты,2024-12-15
4741,Курьеры,2024-11-23
4742,Фрилансеры,2024-08-17
4743,Курьеры,2025-01-15
4744,Курьеры,2024-11-23
4745,Мастера услуг,2024-11-09
4746,Курьеры,2025-01-07
4747,Таксисты,2024-11-02
4748,Курьеры,2024-12-27
4749,Курьеры,2025-01-20
4750,Таксисты,2024-09-24
4751,Курьеры,2025-01-18
4752,Курьеры,2024-12-30
4753,Фрилансеры,2024-12-22
4754,Курьеры,2024-08-06
4755,Мастера услуг,2024-09-23
4756,Курьеры,2025-01-18
4757,Таксисты,2024-09-17
4758,Таксисты,2024-09-01
4759,Мастера услуг,2025-01-05
4760,Курьеры,2024-09-18
4761,Мастера услуг,2024-08-17
4762,Фрилансеры,2024-09-28
4763,Фрилансеры,2025-01-04
4764,Мастера услуг,2024-09-27
4765,Мастера услуг,2024-08-01
4766,Таксисты,2024-08-17
4767,Таксисты,2024-10-01
4768,Курьеры,2024-09-07
4769,Таксисты,2024-10-26
4770,Мастера услуг,2024-08-18
4771,Курьеры,2024-11-09
4772,Фрилансеры,2024-10-23
4773,Фрилансеры,2024-12-23
4774,Фрилансеры,2024-11-16
4775,Мастера услуг,2024-09-02
4776,Мастера услуг,2024-11-28
4777,Фрилансеры,2024-09-20
4778,Таксисты,2025-01-25
4779,Курьеры,2024-11-12
4780,Фрилансеры,2024-11-17
4781,Мастера услуг,2024-12-09
4782,Курьеры,2024-08-14
4783,Курьеры,2024-09-02
4784,Курьеры,2025-01-23
4785,Таксисты,2024-09-07
4786,Курьеры,2024-10-07
4787,Мастера услуг,2024-09-26
4788,Таксисты,2024-09-14
4789,Таксисты,2025-01-27
4790,Мастера услуг,2024-11-17
4791,Фрилансеры,2024-08-18
4792,Таксисты,2025-01-05
4793,Курьеры,2024-11-18
4794,Курьеры,2024-11-22
4795,Курьеры,2024-10-16
4796,Мастера услуг,2024-08-30
4797,Курьеры,2024-09-24
4798,Мастера услуг,2024-09-29
4799,Мастера услуг,2024-08-03
4800,Курьеры,2024-10-10
4801,Курьеры,2024-08-29
4802,Мастера услуг,2024-08-18
4803,Фрилансеры,2024-11-20
4804,Фрилансеры,2024-12-23
4805,Курьеры,2024-08-25
4806,Фрилансеры,2025-01-03
4807,Курьеры,2024-11-09
4808,Таксисты,2024-09-16
4809,Мастера услуг,2024-09-29
4810,Мастера услуг,2024-12-25
4811,Мастера услуг,2024-10-13
4812,Таксисты,2024-08-10
4813,Фрилансеры,2024-12-30
4814,Курьеры,2024-11-09
4815,Курьеры,2024-10-27
4816,Курьеры,2024-10-21
4817,Мастера услуг,2024-10-07
4818,Таксисты,2024-11-07
4819,Курьеры,2025-01-23
4820,Курьеры,2024-12-26
4821,Мастера услуг,2024-11-21
4822,Таксисты,2024-12-23
4823,Мастера услуг,2024-12-01
4824,Таксисты,2024-10-07
4825,Мастера услуг,2024-09-02
4826,Курьеры,2024-09-29
4827,Курьеры,2024-12-25
4828,Курьеры,2024-09-11
4829,Курьеры,2025-01-06
4830,Мастера услуг,2024-12-20
4831,Таксисты,2024-10-13
4832,Курьеры,2024-11-12
4833,Таксисты,2024-10-06
4834,Таксисты,2024-10-27
4835,Мастера услуг,2024-10-03
4836,Мастера услуг,2024-10-05
4837,Курьеры,2024-08-05
4838,Таксисты,2024-10-09
4839,Мастера услуг,2024-09-11
4840,Таксисты,2024-10-16
4841,Курьеры,2025-01-06
4842,Мастера услуг,2024-09-20
4843,Курьеры,2024-09-27
4844,Фрилансеры,2024-11-06
4845,Курьеры,2024-09-30
4846,Таксисты,2024-11-01
4847,Таксисты,2025-01-22
4848,Фрилансеры,2024-08-08
4849,Мастера услуг,2024-12-31
4850,Таксисты,2024-12-06
4851,Таксисты,2025-01-18
4852,Курьеры,2025-01-17
4853,Курьеры,2024-08-04
4854,Фрилансеры,2024-12-17
4855,Фрилансеры,2024-09-18
4856,Мастера услуг,2024-10-10
4857,Мастера услуг,2024-08-01
4858,Таксисты,2024-10-23
4859,Курьеры,2024-10-04
4860,Фрилансеры,2024-10-11
4861,Курьеры,2024-08-04
4862,Таксисты,2024-12-23
4863,Курьеры,2024-12-30
4864,Курьеры,2024-09-13
4865,Мастера услуг,2024-11-08
4866,Таксисты,2024-11-23
4867,Фрилансеры,2024-09-02
4868,Курьеры,2024-09-13
4869,Мастера услуг,2024-11-22
4870,Таксисты,2024-12-07
4871,Мастера услуг,2025-01-03
4872,Таксисты,2024-12-15
4873,Курьеры,2024-08-28
4874,Курьеры,2025-01-20
4875,Курьеры,2024-09-21
4876,Курьеры,2025-01-23
4877,Таксисты,2025-01-12
4878,Мастера услуг,2024-11-24
4879,Таксисты,2024-08-31
4880,Фрилансеры,2024-09-24
4881,Курьеры,2024-11-25
4882,Курьеры,2024-09-01
4883,Мастера услуг,2024-12-29
4884,Таксисты,2024-08-14
4885,Курьеры,2024-12-24
4886,Таксисты,2024-11-01
4887,Таксисты,2024-12-28
4888,Мастера услуг,2024-08-22
4889,Фрилансеры,2024-10-09
4890,Курьеры,2024-08-29
4891,Курьеры,2024-09-05
4892,Мастера услуг,2024-08-11
4893,Курьеры,2024-10-23
4894,Фрилансеры,2024-11-13
4895,Курьеры,2024-10-08
4896,Фрилансеры,2024-09-04
4897,Таксисты,2024-12-28
4898,Фрилансеры,2025-01-22
4899,Мастера услуг,2024-12-26
4900,Курьеры,2024-10-31
4901,Фрилансеры,2025-01-17
4902,Таксисты,2024-09-11
4903,Курьеры,2024-11-13
4904,Таксисты,2024-08-29
4905,Таксисты,2024-10-23
4906,Фрилансеры,2024-10-27
4907,Мастера услуг,2024-09-15
4908,Курьеры,2024-10-21
4909,Таксисты,2024-11-02
4910,Таксисты,2024-08-01
4911,Мастера услуг,2025-01-14
4912,Мастера услуг,2024-11-11
4913,Курьеры,2024-11-20
4914,Курьеры,2024-08-14
4915,Фрилансеры,2024-09-20
4916,Таксисты,2025-01-17
4917,Мастера услуг,2024-08-15
4918,Мастера услуг,2024-12-15
4919,Курьеры,2025-01-03
4920,Курьеры,2024-12-24
4921,Таксисты,2024-08-09
4922,Курьеры,2024-08-22
4923,Мастера услуг,2024-12-18
4924,Фрилансеры,2024-10-14
4925,Мастера услуг,2024-10-29
4926,Курьеры,2024-08-25
4927,Таксисты,2024-08-03
4928,Курьеры,2024-08-16
4929,Таксисты,2024-12-20
4930,Таксисты,2024-12-13
4931,Таксисты,2024-12-21
4932,Курьеры,2024-08-21
4933,Мастера услуг,2024-12-12
4934,Фрилансеры,2025-01-14
4935,Курьеры,2024-09-28
4936,Фрилансеры,2024-09-11
4937,Мастера услуг,2024-08-05
4938,Мастера услуг,2024-08-26
4939,Таксисты,2024-12-01
4940,Фрилансеры,2024-10-22
4941,Фрилансеры,2025-01-15
4942,Фрилансеры,2024-11-30
4943,Таксисты,2024-09-01
4944,Курьеры,2024-10-16
4945,Курьеры,2024-09-28
4946,Мастера услуг,2024-08-08
4947,Таксисты,2024-10-17
4948,Таксисты,2024-09-15
4949,Курьеры,2024-12-04
4950,Мастера услуг,2024-08-24
4951,Мастера услуг,2024-12-24
4952,Таксисты,2024-10-15
4953,Мастера услуг,2025-01-20
4954,Мастера услуг,2024-10-15
4955,Курьеры,2024-10-22
4956,Таксисты,2024-08-22
4957,Фрилансеры,2024-10-19
4958,Мастера услуг,2025-01-01
4959,Фрилансеры,2024-11-06
4960,Курьеры,2024-12-06
4961,Таксисты,2024-09-01
4962,Фрилансеры,2024-09-03
4963,Мастера услуг,2024-12-29
4964,Таксисты,2025-01-15
4965,Фрилансеры,2024-08-07
4966,Таксисты,2024-11-24
4967,Таксисты,2024-08-14
4968,Фрилансеры,2024-11-30
4969,Курьеры,2024-10-03
4970,Таксисты,2024-08-31
4971,Курьеры,2024-10-12
4972,Курьеры,2025-01-04
4973,Таксисты,2024-11-05
4974,Мастера услуг,2024-10-21
4975,Фрилансеры,2024-08-12
4976,Курьеры,2024-09-18
4977,Фрилансеры,2024-08-31
4978,Таксисты,2024-10-28
4979,Курьеры,2024-12-20
4980,Мастера услуг,2024-09-09
4981,Курьеры,2024-11-22
4982,Курьеры,2024-12-25
4983,Курьеры,2024-09-27
4984,Мастера услуг,2024-11-11
4985,Курьеры,2025-01-26
4986,Курьеры,2024-11-29
4987,Курьеры,2024-08-13
4988,Таксисты,2024-09-25
4989,Курьеры,2024-12-15
4990,Фрилансеры,2024-12-02
4991,Курьеры,2024-08-08
4992,Фрилансеры,2024-10-10
4993,Таксисты,2024-09-06
4994,Мастера услуг,2024-09-13
4995,Мастера услуг,2025-01-12
4996,Курьеры,2024-11-12
4997,Мастера услуг,2025-01-18
4998,Мастера услуг,2024-12-10
4999,Таксисты,2024-10-26
5000,Фрилансеры,2024-10-12
5001,Фрилансеры,2024-12-12
5002,Курьеры,2024-11-27
5003,Таксисты,2025-01-15
5004,Курьеры,2024-08-05
5005,Курьеры,2024-08-10
5006,Курьеры,2024-08-14
5007,Курьеры,2024-11-04
5008,Таксисты,2024-09-23
5009,Курьеры,2024-08-23
5010,Фрилансеры,2025-01-12
5011,Фрилансеры,2024-09-24
5012,Мастера услуг,2024-09-03
5013,Мастера услуг,2024-12-31
5014,Курьеры,2025-01-21
5015,Мастера услуг,2024-08-27
5016,Фрилансеры,2024-08-22
5017,Фрилансеры,2024-11-20
5018,Фрилансеры,2024-12-25
5019,Курьеры,2025-01-09
5020,Курьеры,2025-01-02
5021,Курьеры,2025-01-27
5022,Курьеры,2024-12-23
5023,Курьеры,2024-10-02
5024,Таксисты,2024-12-17
5025,Курьеры,2025-01-14
5026,Курьеры,2024-10-03
5027,Курьеры,2024-11-09
5028,Таксисты,2024-11-10
5029,Таксисты,2024-09-11
5030,Курьеры,2024-10-28
5031,Таксисты,2024-12-09
5032,Фрилансеры,2025-01-15
5033,Курьеры,2024-10-28
5034,Курьеры,2025-01-18
5035,Курьеры,2024-11-06
5036,Курьеры,2024-09-26
5037,Таксисты,2024-12-15
5038,Мастера услуг,2025-01-20
5039,Таксисты,2024-11-21
5040,Таксисты,2024-10-28
5041,Курьеры,2024-12-26
5042,Курьеры,2024-09-09
5043,Таксисты,2025-01-19
5044,Таксисты,2024-10-19
5045,Мастера услуг,2025-01-09
5046,Фрилансеры,2024-12-03
5047,Фрилансеры,2024-11-15
5048,Курьеры,2024-10-02
5049,Мастера услуг,2024-09-26
5050,Таксисты,2024-11-30
5051,Курьеры,2024-09-05
5052,Мастера услуг,2024-12-10
5053,Фрилансеры,2024-11-19
5054,Курьеры,2025-01-27
5055,Фрилансеры,2024-08-19
5056,Мастера услуг,2024-11-02
5057,Мастера услуг,2024-12-10
5058,Таксисты,2024-08-04
5059,Мастера услуг,2024-12-03
5060,Курьеры,2024-10-30
5061,Курьеры,2024-11-15
5062,Курьеры,2024-12-01
5063,Фрилансеры,2024-10-20
5064,Мастера услуг,2024-11-23
5065,Мастера услуг,2024-08-20
5066,Фрилансеры,2024-11-17
5067,Мастера услуг,2024-09-08
5068,Мастера услуг,2024-10-26
5069,Мастера услуг,2024-12-05
5070,Курьеры,2024-09-12
5071,Курьеры,2024-09-27
5072,Таксисты,2024-09-22
5073,Таксисты,2024-09-12
5074,Таксисты,2024-09-05
5075,Курьеры,2024-12-22
5076,Мастера услуг,2025-01-15
5077,Мастера услуг,2024-09-14
5078,Курьеры,2024-10-06
5079,Курьеры,2024-10-22
5080,Фрилансеры,2024-08-27
5081,Таксисты,2024-12-12
5082,Мастера услуг,2025-01-20
5083,Курьеры,2024-09-25
5084,Таксисты,2024-11-14
5085,Таксисты,2024-10-16
5086,Таксисты,2024-11-14
5087,Мастера услуг,2024-09-17
5088,Мастера услуг,2024-11-16
5089,Таксисты,2024-08-29
5090,Фрилансеры,2024-12-26
5091,Таксисты,2024-09-29
5092,Фрилансеры,2024-09-12
5093,Курьеры,2024-09-01
5094,Курьеры,2025-01-11
5095,Таксисты,2024-11-18
5096,Мастера услуг,2025-01-17
5097,Курьеры,2024-08-21
5098,Мастера услуг,2024-10-05
5099,Фрилансеры,2024-10-09
5100,Курьеры,2024-11-30
5101,Таксисты,2024-11-01
5102,Таксисты,2024-11-02
5103,Таксисты,2024-12-19
5104,Таксисты,2025-01-10
5105,Мастера услуг,2024-08-17
5106,Мастера услуг,2024-08-01
5107,Курьеры,2024-11-21
5108,Фрилансеры,2024-08-31
5109,Таксисты,2024-10-06
5110,Фрилансеры,2024-09-26
5111,Фрилансеры,2024-08-11
5112,Мастера услуг,2024-11-10
5113,Фрилансеры,2025-01-16
5114,Таксисты,2024-10-04
5115,Мастера услуг,2024-09-24
5116,Курьеры,2024-09-28
5117,Курьеры,2024-11-24
5118,Таксисты,2024-09-22
5119,Мастера услуг,2024-08-06
5120,Таксисты,2025-01-12
5121,Таксисты,2024-08-17
5122,Фрилансеры,2024-08-18
5123,Мастера услуг,2024-11-08
5124,Фрилансеры,2024-08-11
5125,Курьеры,2024-10-21
5126,Мастера услуг,2024-11-14
5127,Таксисты,2025-01-25
5128,Фрилансеры,2024-12-16
5129,Курьеры,2024-11-25
5130,Таксисты,2024-12-18
5131,Курьеры,2024-11-19
5132,Курьеры,2024-10-07
5133,Мастера услуг,2024-11-23
5134,Таксисты,2025-01-03
5135,Мастера услуг,2024-12-21
5136,Таксисты,2024-11-10
5137,Курьеры,2024-10-23
5138,Таксисты,2025-01-19
5139,Курьеры,2025-01-11
5140,Фрилансеры,2024-11-09
5141,Таксисты,2024-12-06
5142,Таксисты,2024-10-03
5143,Курьеры,2025-01-16
5144,Курьеры,2024-12-12
5145,Курьеры,2024-11-30
5146,Курьеры,2024-09-27
5147,Курьеры,2024-11-21
5148,Таксисты,2024-10-15
5149,Мастера услуг,2024-11-03
5150,Фрилансеры,2024-08-20
5151,Таксисты,2025-01-04
5152,Таксисты,2024-12-27
5153,Фрилансеры,2024-12-30
5154,Фрилансеры,2024-12-09
5155,Курьеры,2024-12-24
5156,Мастера услуг,2024-10-02
5157,Фрилансеры,2024-09-19
5158,Курьеры,2024-09-29
5159,Курьеры,2024-12-28
5160,Таксисты,2024-08-23
5161,Курьеры,2025-01-19
5162,Мастера услуг,2025-01-05
5163,Курьеры,2024-12-24
5164,Таксисты,2024-12-11
5165,Курьеры,2024-08-16
5166,Фрилансеры,2024-11-16
5167,Курьеры,2024-12-03
5168,Фрилансеры,2024-10-22
5169,Курьеры,2024-10-15
5170,Фрилансеры,2025-01-24
5171,Мастера услуг,2024-10-02
5172,Мастера услуг,2024-11-28
5173,Таксисты,2024-11-07
5174,Курьеры,2024-11-22
5175,Курьеры,2025-01-10
5176,Курьеры,2024-11-02
5177,Мастера услуг,2024-10-01
5178,Фрилансеры,2024-10-07
5179,Курьеры,2024-09-12
5180,Фрилансеры,2024-12-03
5181,Фрилансеры,2025-01-13
5182,Курьеры,2024-08-06
5183,Таксисты,2024-12-05
5184,Фрилансеры,2024-10-28
5185,Таксисты,2024-09-26
5186,Фрилансеры,2024-09-19
5187,Мастера услуг,2024-08-17
5188,Курьеры,2024-09-26
5189,Фрилансеры,2024-09-25
5190,Таксисты,2024-12-25
5191,Фрилансеры,2024-12-16
5192,Таксисты,2024-12-18
5193,Фрилансеры,2025-01-06
5194,Курьеры,2024-10-24
5195,Мастера услуг,2024-12-15
5196,Мастера услуг,2024-09-07
5197,Таксисты,2025-01-18
5198,Таксисты,2025-01-20
5199,Мастера услуг,2024-10-19
5200,Таксисты,2025-01-10
5201,Таксисты,2024-11-01
5202,Курьеры,2024-11-09
5203,Курьеры,2024-08-12
5204,Курьеры,2024-12-20
5205,Мастера услуг,2024-08-04
5206,Фрилансеры,2024-08-04
5207,Фрилансеры,2024-10-16
5208,Курьеры,2024-11-27
5209,Курьеры,2025-01-16
5210,Мастера услуг,2024-09-07
5211,Курьеры,2024-12-30
5212,Курьеры,2025-01-17
5213,Фрилансеры,2024-11-14
5214,Мастера услуг,2024-11-05
5215,Курьеры,2025-01-13
5216,Мастера услуг,2024-09-09
5217,Фрилансеры,2024-09-28
5218,Таксисты,2024-11-01
5219,Мастера услуг,2024-09-14
5220,Курьеры,2024-09-02
5221,Курьеры,2025-01-21
5222,Мастера услуг,2024-11-12
5223,Курьеры,2024-09-06
5224,Фрилансеры,2024-09-17
5225,Курьеры,2024-08-29
5226,Мастера услуг,2024-10-10
5227,Мастера услуг,2024-09-03
5228,Курьеры,2024-10-16
5229,Таксисты,2024-09-13
5230,Мастера услуг,2024-10-25
5231,Курьеры,2024-08-10
5232,Курьеры,2024-11-07
5233,Мастера услуг,2024-12-25
5234,Мастера услуг,2025-01-23
5235,Курьеры,2024-12-26
5236,Фрилансеры,2024-11-28
5237,Мастера услуг,2024-10-12
5238,Таксисты,2024-09-28
5239,Курьеры,2024-12-28
5240,Фрилансеры,2025-01-13
5241,Курьеры,2024-09-26
5242,Мастера услуг,2025-01-24
5243,Таксисты,2024-10-23
5244,Мастера услуг,2024-12-10
5245,Курьеры,2024-09-02
5246,Мастера услуг,2024-11-14
5247,Таксисты,2024-10-25
5248,Мастера услуг,2024-11-11
5249,Фрилансеры,2024-11-30
5250,Таксисты,2024-08-31
5251,Курьеры,2024-09-12
5252,Курьеры,2024-11-21
5253,Мастера услуг,2024-12-23
5254,Курьеры,2024-11-23
5255,Таксисты,2025-01-13
5256,Фрилансеры,2024-08-17
5257,Мастера услуг,2024-11-27
5258,Мастера услуг,2024-12-29
5259,Курьеры,2024-08-27
5260,Таксисты,2024-08-13
5261,Мастера услуг,2024-11-07
5262,Курьеры,2024-09-17
5263,Курьеры,2024-11-04
5264,Фрилансеры,2024-12-24
5265,Мастера услуг,2024-09-18
5266,Фрилансеры,2024-12-05
5267,Курьеры,2025-01-02
5268,Курьеры,2024-12-31
5269,Таксисты,2024-12-06
5270,Таксисты,2024-08-26
5271,Таксисты,2024-09-22
5272,Мастера услуг,2024-10-18
5273,Курьеры,2025-01-11
5274,Таксисты,2024-12-17
5275,Курьеры,2024-11-11
5276,Курьеры,2024-10-19
5277,Мастера услуг,2024-11-11
5278,Мастера услуг,2024-08-03
5279,Курьеры,2024-09-01
5280,Курьеры,2024-10-18
5281,Фрилансеры,2024-10-15
5282,Фрилансеры,2024-08-08
5283,Таксисты,2024-11-12
5284,Курьеры,2024-11-09
5285,Курьеры,2025-01-25
5286,Мастера услуг,2025-01-12
5287,Мастера услуг,2024-12-14
5288,Фрилансеры,2024-08-29
5289,Мастера услуг,2025-01-05
5290,Фрилансеры,2024-12-16
5291,Мастера услуг,2025-01-08
5292,Мастера услуг,2024-10-23
5293,Фрилансеры,2024-08-23
5294,Курьеры,2024-10-14
5295,Мастера услуг,2024-11-27
5296,Курьеры,2024-09-07
5297,Фрилансеры,2024-10-14
5298,Фрилансеры,2024-11-17
5299,Таксисты,2024-12-17
5300,Мастера услуг,2024-10-28
5301,Мастера услуг,2024-12-30
5302,Мастера услуг,2024-08-15
5303,Мастера услуг,2024-10-23
5304,Мастера услуг,2024-11-18
5305,Фрилансеры,2024-11-22
5306,Курьеры,2025-01-18
5307,Курьеры,2024-12-11
5308,Таксисты,2024-09-21
5309,Курьеры,2024-08-22
5310,Курьеры,2024-12-31
5311,Таксисты,2024-12-02
5312,Фрилансеры,2024-12-23
5313,Курьеры,2024-12-24
5314,Таксисты,2024-10-12
5315,Фрилансеры,2024-10-18
5316,Таксисты,2024-11-03
5317,Курьеры,2024-11-20
5318,Курьеры,2024-11-27
5319,Таксисты,2024-08-21
5320,Курьеры,2024-12-11
5321,Курьеры,2024-09-23
5322,Курьеры,2024-08-07
5323,Мастера услуг,2024-11-14
5324,Курьеры,2024-12-11
5325,Фрилансеры,2024-11-23
5326,Таксисты,2024-09-01
5327,Курьеры,2024-10-18
5328,Фрилансеры,2024-12-14
5329,Мастера услуг,2024-11-06
5330,Мастера услуг,2025-01-12
5331,Таксисты,2024-09-18
5332,Таксисты,2024-08-06
5333,Таксисты,2024-08-01
5334,Мастера услуг,2024-09-29
5335,Таксисты,2024-12-25
5336,Мастера услуг,2024-10-21
5337,Фрилансеры,2024-09-30
5338,Фрилансеры,2024-08-19
5339,Таксисты,2024-09-11
5340,Мастера услуг,2024-09-11
5341,Таксисты,2024-12-13
5342,Таксисты,2025-01-06
5343,Курьеры,2024-08-05
5344,Мастера услуг,2024-10-30
5345,Мастера услуг,2025-01-13
5346,Курьеры,2025-01-21
5347,Фрилансеры,2024-09-11
5348,Таксисты,2024-09-17
5349,Мастера услуг,2024-11-05
5350,Курьеры,2024-12-26
5351,Курьеры,2024-11-17
5352,Фрилансеры,2024-11-10
5353,Фрилансеры,2024-09-12
5354,Таксисты,2024-08-21
5355,Таксисты,2024-10-11
5356,Курьеры,2025-01-27
5357,Фрилансеры,2024-12-27
5358,Курьеры,2024-11-16
5359,Фрилансеры,2024-08-02
5360,Мастера услуг,2024-09-23
5361,Фрилансеры,2024-08-22
5362,Фрилансеры,2024-12-29
5363,Фрилансеры,2024-11-01
5364,Мастера услуг,2024-09-13
5365,Таксисты,2024-09-27
5366,Мастера услуг,2025-01-05
5367,Мастера услуг,2024-10-25
5368,Курьеры,2024-09-23
5369,Таксисты,2024-08-11
5370,Мастера услуг,2024-08-23
5371,Курьеры,2024-09-15
5372,Мастера услуг,2025-01-07
5373,Курьеры,2024-09-04
5374,Курьеры,2024-10-21
5375,Таксисты,2024-09-30
5376,Мастера услуг,2024-08-05
5377,Таксисты,2024-10-30
5378,Фрилансеры,2024-08-28
5379,Мастера услуг,2025-01-09
5380,Мастера услуг,2024-12-04
5381,Фрилансеры,2024-10-10
5382,Таксисты,2024-10-05
5383,Курьеры,2024-12-26
5384,Курьеры,2024-10-11
5385,Мастера услуг,2024-10-24
5386,Курьеры,2024-12-04
5387,Курьеры,2024-09-19
5388,Фрилансеры,2024-11-14
5389,Таксисты,2024-10-21
5390,Мастера услуг,2024-08-30
5391,Курьеры,2025-01-18
5392,Курьеры,2025-01-05
5393,Таксисты,2024-11-26
5394,Курьеры,2024-12-17
5395,Фрилансеры,2024-10-24
5396,Таксисты,2024-08-31
5397,Курьеры,2024-12-31
5398,Курьеры,2024-10-24
5399,Курьеры,2024-12-01
5400,Мастера услуг,2024-11-09
5401,Фрилансеры,2025-01-11
5402,Курьеры,2024-08-16
5403,Таксисты,2024-08-08
5404,Мастера услуг,2024-12-18
5405,Мастера услуг,2024-12-23
5406,Курьеры,2024-10-09
5407,Курьеры,2024-10-13
5408,Фрилансеры,2024-08-28
5409,Курьеры,2024-09-23
5410,Курьеры,2024-11-09
5411,Таксисты,2024-08-30
5412,Мастера услуг,2024-12-16
5413,Таксисты,2024-12-18
5414,Таксисты,2024-09-06
5415,Таксисты,2024-08-09
5416,Курьеры,2025-01-16
5417,Таксисты,2024-12-13
5418,Таксисты,2024-12-19
5419,Мастера услуг,2024-08-18
5420,Таксисты,2024-12-04
5421,Фрилансеры,2024-11-20
5422,Курьеры,2024-10-16
5423,Мастера услуг,2024-09-27
5424,Курьеры,2024-11-30
5425,Фрилансеры,2024-11-18
5426,Таксисты,2024-08-22
5427,Курьеры,2024-11-01
5428,Курьеры,2024-10-02
5429,Фрилансеры,2024-09-04
5430,Таксисты,2025-01-15
5431,Курьеры,2024-11-01
5432,Мастера услуг,2024-09-25
5433,Мастера услуг,2024-10-08
5434,Фрилансеры,2025-01-24
5435,Таксисты,2024-10-18
5436,Курьеры,2024-11-08
5437,Фрилансеры,2024-11-09
5438,Фрилансеры,2024-09-27
5439,Мастера услуг,2025-01-09
5440,Курьеры,2024-11-04
5441,Курьеры,2024-09-08
5442,Мастера услуг,2024-10-22
5443,Таксисты,2024-10-08
5444,Таксисты,2025-01-21
5445,Фрилансеры,2024-09-05
5446,Мастера услуг,2024-10-13
5447,Таксисты,2024-11-17
5448,Курьеры,2024-08-22
5449,Таксисты,2024-11-03
5450,Фрилансеры,2024-08-26
5451,Курьеры,2024-09-02
5452,Курьеры,2025-01-05
5453,Курьеры,2025-01-08
5454,Таксисты,2024-09-19
5455,Курьеры,2024-11-26
5456,Фрилансеры,2025-01-25
5457,Курьеры,2024-11-04
5458,Курьеры,2024-10-20
5459,Фрилансеры,2024-08-31
5460,Курьеры,2025-01-01
5461,Курьеры,2025-01-15
5462,Таксисты,2024-11-10
5463,Таксисты,2024-08-25
5464,Мастера услуг,2024-10-24
5465,Курьеры,2024-10-18
5466,Таксисты,2024-11-08
5467,Мастера услуг,2024-12-05
5468,Таксисты,2024-09-16
5469,Курьеры,2024-11-11
5470,Таксисты,2024-12-14
5471,Курьеры,2024-11-28
5472,Таксисты,2024-09-26
5473,Курьеры,2024-10-06
5474,Мастера услуг,2024-10-31
5475,Фрилансеры,2024-08-18
5476,Мастера услуг,2024-09-12
5477,Фрилансеры,2024-10-03
5478,Курьеры,2024-10-26
5479,Мастера услуг,2025-01-13
5480,Курьеры,2024-09-15
5481,Фрилансеры,2025-01-27
5482,Фрилансеры,2025-01-11
5483,Таксисты,2024-08-19
5484,Мастера услуг,2024-08-07
5485,Фрилансеры,2024-10-27
5486,Мастера услуг,2024-12-06
5487,Таксисты,2024-12-27
5488,Курьеры,2024-10-31
5489,Курьеры,2024-11-28
5490,Таксисты,2024-11-01
5491,Курьеры,2024-10-16
5492,Таксисты,2024-08-03
5493,Таксисты,2025-01-02
5494,Курьеры,2024-10-11
5495,Фрилансеры,2024-08-27
5496,Таксисты,2024-08-29
5497,Мастера услуг,2024-10-08
5498,Фрилансеры,2024-11-14
5499,Фрилансеры,2024-10-04
5500,Мастера услуг,2024-10-10
5501,Фрилансеры,2024-10-14
5502,Курьеры,2024-11-03
5503,Мастера услуг,2024-10-03
5504,Курьеры,2024-12-19
5505,Курьеры,2024-08-18
5506,Фрилансеры,2024-08-03
5507,Таксисты,2024-12-28
5508,Мастера услуг,2024-10-17
5509,Таксисты,2024-10-21
5510,Мастера услуг,2024-08-25
5511,Мастера услуг,2024-11-07
5512,Фрилансеры,2025-01-27
5513,Фрилансеры,2024-11-18
5514,Фрилансеры,2025-01-09
5515,Фрилансеры,2024-11-04
5516,Курьеры,2024-10-26
5517,Мастера услуг,2024-12-12
5518,Курьеры,2024-08-19
5519,Мастера услуг,2025-01-22
5520,Таксисты,2024-09-18
5521,Таксисты,2024-09-08
5522,Курьеры,2024-12-21
5523,Фрилансеры,2024-08-14
5524,Курьеры,2024-11-12
5525,Курьеры,2024-12-22
5526,Курьеры,2024-11-15
5527,Фрилансеры,2024-10-16
5528,Фрилансеры,2024-10-14
5529,Таксисты,2024-09-06
5530,Таксисты,2025-01-20
5531,Курьеры,2025-01-03
5532,Мастера услуг,2025-01-26
5533,Фрилансеры,2024-10-24
5534,Фрилансеры,2024-08-04
5535,Курьеры,2024-12-11
5536,Мастера услуг,2024-12-02
5537,Курьеры,2025-01-18
5538,Фрилансеры,2024-08-18
5539,Мастера услуг,2024-12-22
5540,Фрилансеры,2024-09-03
5541,Курьеры,2024-08-07
5542,Курьеры,2025-01-03
5543,Таксисты,2024-10-24
5544,Курьеры,2024-12-18
5545,Таксисты,2024-11-22
5546,Фрилансеры,2024-09-18
5547,Мастера услуг,2024-11-25
5548,Фрилансеры,2024-08-27
5549,Таксисты,2024-11-08
5550,Курьеры,2024-10-16
5551,Таксисты,2024-10-11
5552,Таксисты,2024-09-12
5553,Таксисты,2024-08-24
5554,Фрилансеры,2024-10-14
5555,Курьеры,2024-11-24
5556,Курьеры,2024-09-13
5557,Таксисты,2024-09-23
5558,Таксисты,2024-08-17
5559,Таксисты,2024-11-27
5560,Мастера услуг,2024-12-05
5561,Таксисты,2024-11-14
5562,Мастера услуг,2024-10-03
5563,Мастера услуг,2024-09-21
5564,Фрилансеры,2024-12-02
5565,Фрилансеры,2024-12-29
5566,Таксисты,2024-08-04
5567,Мастера услуг,2024-12-21
5568,Мастера услуг,2024-08-29
5569,Курьеры,2024-08-20
5570,Курьеры,2024-08-05
5571,Мастера услуг,2025-01-25
5572,Курьеры,2025-01-14
5573,Фрилансеры,2024-08-28
5574,Фрилансеры,2024-09-16
5575,Таксисты,2024-11-03
5576,Курьеры,2024-09-06
5577,Фрилансеры,2024-10-07
5578,Курьеры,2025-01-27
5579,Мастера услуг,2025-01-03
5580,Фрилансеры,2024-11-29
5581,Мастера услуг,2024-09-24
5582,Мастера услуг,2024-08-08
5583,Таксисты,2025-01-22
5584,Курьеры,2024-08-31
5585,Фрилансеры,2024-08-04
5586,Курьеры,2025-01-02
5587,Таксисты,2024-08-17
5588,Мастера услуг,2024-09-21
5589,Фрилансеры,2025-01-18
5590,Таксисты,2025-01-11
5591,Таксисты,2025-01-07
5592,Курьеры,2024-11-24
5593,Мастера услуг,2024-11-04
5594,Мастера услуг,2024-08-21
5595,Курьеры,2024-09-11
5596,Фрилансеры,2024-10-01
5597,Курьеры,2024-11-21
5598,Мастера услуг,2024-08-01
5599,Фрилансеры,2024-11-30
5600,Курьеры,2025-01-23
5601,Мастера услуг,2024-12-03
5602,Курьеры,2024-09-29
5603,Мастера услуг,2024-11-18
5604,Фрилансеры,2024-12-20
5605,Таксисты,2024-08-27
5606,Курьеры,2024-08-03
5607,Фрилансеры,2024-08-11
5608,Мастера услуг,2024-11-07
5609,Мастера услуг,2024-08-04
5610,Курьеры,2024-11-06
5611,Таксисты,2024-10-11
5612,Мастера услуг,2024-12-31
5613,Курьеры,2024-12-25
5614,Курьеры,2024-08-29
5615,Курьеры,2024-11-30
5616,Мастера услуг,2024-09-08
5617,Фрилансеры,2024-12-09
5618,Мастера услуг,2024-08-03
5619,Фрилансеры,2024-10-07
5620,Фрилансеры,2024-11-17
5621,Фрилансеры,2024-12-26
5622,Мастера услуг,2024-11-07
5623,Таксисты,2025-01-03
5624,Таксисты,2024-08-10
5625,Мастера услуг,2024-12-07
5626,Таксисты,2024-09-30
5627,Фрилансеры,2024-12-01
5628,Курьеры,2024-09-28
5629,Таксисты,2024-08-23
5630,Фрилансеры,2024-10-29
5631,Фрилансеры,2024-09-30
5632,Таксисты,2024-12-08
5633,Таксисты,2024-11-30
5634,Мастера услуг,2024-08-01
5635,Фрилансеры,2024-11-03
5636,Мастера услуг,2024-11-19
5637,Таксисты,2024-12-26
5638,Таксисты,2024-12-15
5639,Фрилансеры,2024-12-16
5640,Курьеры,2024-09-14
5641,Фрилансеры,2024-10-12
5642,Курьеры,2024-09-08
5643,Курьеры,2024-10-24
5644,Мастера услуг,2024-12-19
5645,Курьеры,2024-08-20
5646,Таксисты,2024-08-30
5647,Мастера услуг,2024-12-18
5648,Фрилансеры,2024-09-28
5649,Таксисты,2024-10-13
5650,Таксисты,2025-01-15
5651,Курьеры,2024-10-21
5652,Курьеры,2025-01-01
5653,Курьеры,2024-11-17
5654,Мастера услуг,2024-10-30
5655,Таксисты,2024-08-12
5656,Таксисты,2025-01-09
5657,Таксисты,2024-10-13
5658,Таксисты,2024-08-24
5659,Фрилансеры,2024-09-02
5660,Таксисты,2024-10-10
5661,Таксисты,2024-12-30
5662,Фрилансеры,2024-08-28
5663,Таксисты,2024-12-01
5664,Курьеры,2024-09-22
5665,Таксисты,2024-08-20
5666,Мастера услуг,2024-09-14
5667,Мастера услуг,2024-11-26
5668,Курьеры,2025-01-09
5669,Курьеры,2024-08-16
5670,Фрилансеры,2024-12-15
5671,Мастера услуг,2024-11-03
5672,Таксисты,2024-12-27
5673,Фрилансеры,2025-01-06
5674,Фрилансеры,2024-08-16
5675,Таксисты,2024-08-14
5676,Курьеры,2024-08-18
5677,Таксисты,2024-09-10
5678,Таксисты,2024-08-02
5679,Мастера услуг,2024-10-08
5680,Таксисты,2024-08-19
5681,Курьеры,2024-10-17
5682,Мастера услуг,2024-08-20
5683,Фрилансеры,2024-10-13
5684,Таксисты,2025-01-03
5685,Курьеры,2024-12-13
5686,Курьеры,2025-01-05
5687,Фрилансеры,2024-10-28
5688,Курьеры,2024-11-16
5689,Мастера услуг,2024-12-05
5690,Мастера услуг,2025-01-14
5691,Мастера услуг,2024-11-24
5692,Фрилансеры,2024-11-05
5693,Курьеры,2024-09-08
5694,Фрилансеры,2024-12-08
5695,Таксисты,2024-11-28
5696,Мастера услуг,2025-01-07
5697,Мастера услуг,2024-08-17
5698,Фрилансеры,2024-09-30
5699,Мастера услуг,2025-01-25
5700,Фрилансеры,2024-08-16
5701,Курьеры,2025-01-21
5702,Курьеры,2024-11-16
5703,Фрилансеры,2024-10-19
5704,Курьеры,2024-09-18
5705,Мастера услуг,2025-01-08
5706,Фрилансеры,2024-11-18
5707,Курьеры,2025-01-09
5708,Курьеры,2024-08-14
5709,Курьеры,2024-12-13
5710,Фрилансеры,2024-12-27
5711,Фрилансеры,2024-08-01
5712,Мастера услуг,2024-09-01
5713,Таксисты,2024-11-28
5714,Мастера услуг,2024-11-04
5715,Фрилансеры,2024-10-18
5716,Таксисты,2024-12-13
5717,Таксисты,2024-10-30
5718,Мастера услуг,2024-12-11
5719,Таксисты,2024-08-01
5720,Курьеры,2024-09-22
5721,Курьеры,2024-12-16
5722,Курьеры,2024-10-18
5723,Курьеры,2025-01-04
5724,Курьеры,2025-01-17
5725,Фрилансеры,2024-08-23
5726,Курьеры,2024-11-28
5727,Курьеры,2024-08-20
5728,Курьеры,2024-09-25
5729,Курьеры,2025-01-20
5730,Мастера услуг,2024-08-28
5731,Мастера услуг,2024-11-15
5732,Мастера услуг,2024-08-30
5733,Курьеры,2024-10-04
5734,Таксисты,2024-08-20
5735,Курьеры,2024-10-17
5736,Мастера услуг,2024-10-06
5737,Фрилансеры,2024-08-02
5738,Таксисты,2024-08-22
5739,Курьеры,2024-09-26
5740,Курьеры,2024-10-17
5741,Таксисты,2024-12-27
5742,Курьеры,2024-11-07
5743,Мастера услуг,2024-08-08
5744,Таксисты,2024-08-14
5745,Мастера услуг,2024-11-07
5746,Курьеры,2024-11-24
5747,Мастера услуг,2024-08-09
5748,Фрилансеры,2024-10-14
5749,Курьеры,2024-10-25
5750,Курьеры,2024-10-02
5751,Мастера услуг,2025-01-05
5752,Курьеры,2024-09-22
5753,Таксисты,2024-08-27
5754,Мастера услуг,2024-12-28
5755,Курьеры,2025-01-18
5756,Мастера услуг,2024-12-21
5757,Мастера услуг,2024-10-07
5758,Таксисты,2024-11-01
5759,Курьеры,2025-01-20
5760,Мастера услуг,2024-12-30
5761,Таксисты,2024-12-07
5762,Мастера услуг,2024-10-24
5763,Таксисты,2025-01-03
5764,Курьеры,2024-12-12
5765,Мастера услуг,2025-01-19
5766,Курьеры,2024-12-06
5767,Таксисты,2024-10-14
5768,Курьеры,2024-12-21
5769,Фрилансеры,2024-10-13
5770,Курьеры,2024-11-18
5771,Курьеры,2024-11-05
5772,Фрилансеры,2024-12-18
5773,Мастера услуг,2025-01-15
5774,Мастера услуг,2024-09-04
5775,Мастера услуг,2024-09-26
5776,Мастера услуг,2025-01-01
5777,Фрилансеры,2024-08-20
5778,Мастера услуг,2024-11-20
5779,Курьеры,2024-08-19
5780,Фрилансеры,2024-10-14
5781,Курьеры,2024-12-27
5782,Мастера услуг,2024-10-06
5783,Таксисты,2024-08-04
5784,Таксисты,2025-01-14
5785,Курьеры,2024-08-29
5786,Таксисты,2024-10-13
5787,Мастера услуг,2024-09-28
5788,Фрилансеры,2024-12-29
5789,Фрилансеры,2024-08-15
5790,Курьеры,2024-10-30
5791,Фрилансеры,2025-01-26
5792,Фрилансеры,2025-01-14
5793,Курьеры,2024-11-12
5794,Курьеры,2024-11-11
5795,Таксисты,2024-11-11
5796,Таксисты,2024-12-21
5797,Мастера услуг,2024-09-09
5798,Курьеры,2024-12-16
5799,Фрилансеры,2024-12-31
5800,Таксисты,2025-01-20
5801,Мастера услуг,2024-09-10
5802,Мастера услуг,2024-09-09
5803,Курьеры,2025-01-12
5804,Курьеры,2024-08-07
5805,Курьеры,2024-09-19
5806,Фрилансеры,2025-01-01
5807,Таксисты,2024-09-25
5808,Таксисты,2024-10-17
5809,Курьеры,2024-08-04
5810,Курьеры,2024-11-11
5811,Мастера услуг,2024-09-12
5812,Таксисты,2024-11-04
5813,Таксисты,2024-11-27
5814,Курьеры,2024-10-29
5815,Таксисты,2024-12-30
5816,Мастера услуг,2024-09-12
5817,Таксисты,2024-09-05
5818,Таксисты,2024-08-01
5819,Фрилансеры,2024-09-02
5820,Курьеры,2024-11-25
5821,Фрилансеры,2024-09-17
5822,Мастера услуг,2024-11-23
5823,Курьеры,2024-09-21
5824,Курьеры,2024-11-25
5825,Фрилансеры,2024-09-07
5826,Курьеры,2024-10-24
5827,Фрилансеры,2024-08-25
5828,Мастера услуг,2024-09-07
5829,Таксисты,2025-01-27
5830,Мастера услуг,2025-01-12
5831,Фрилансеры,2024-12-12
5832,Курьеры,2024-11-22
5833,Фрилансеры,2024-12-04
5834,Курьеры,2024-11-21
5835,Мастера услуг,2024-09-20
5836,Мастера услуг,2024-11-11
5837,Таксисты,2024-08-03
5838,Курьеры,2025-01-11
5839,Мастера услуг,2024-12-16
5840,Курьеры,2024-11-05
5841,Фрилансеры,2024-09-09
5842,Мастера услуг,2024-08-14
5843,Курьеры,2024-09-16
5844,Фрилансеры,2024-11-17
5845,Курьеры,2024-09-05
5846,Курьеры,2024-08-18
5847,Курьеры,2024-11-10
5848,Таксисты,2024-12-29
5849,Курьеры,2024-12-21
5850,Курьеры,2024-12-31
5851,Таксисты,2024-12-28
5852,Курьеры,2024-10-28
5853,Мастера услуг,2024-11-22
5854,Фрилансеры,2025-01-26
5855,Мастера услуг,2024-10-08
5856,Фрилансеры,2025-01-04
5857,Таксисты,2024-11-09
5858,Фрилансеры,2024-08-29
5859,Курьеры,2024-12-02
5860,Фрилансеры,2024-10-29
5861,Мастера услуг,2024-09-25
5862,Таксисты,2024-08-17
5863,Мастера услуг,2024-09-24
5864,Курьеры,2025-01-04
5865,Курьеры,2024-09-20
5866,Курьеры,2024-10-10
5867,Курьеры,2024-09-22
5868,Мастера услуг,2024-08-03
5869,Таксисты,2024-08-02
5870,Мастера услуг,2025-01-11
5871,Таксисты,2024-10-28
5872,Мастера услуг,2024-09-09
5873,Фрилансеры,2024-11-16
5874,Курьеры,2024-08-11
5875,Курьеры,2024-09-05
5876,Фрилансеры,2024-09-30
5877,Таксисты,2024-10-05
5878,Фрилансеры,2025-01-14
5879,Мастера услуг,2024-08-04
5880,Курьеры,2024-10-04
5881,Курьеры,2024-10-24
5882,Фрилансеры,2024-12-03
5883,Фрилансеры,2024-12-09
5884,Курьеры,2024-08-20
5885,Фрилансеры,2024-08-21
5886,Мастера услуг,2024-12-12
5887,Фрилансеры,2025-01-11
5888,Курьеры,2024-12-10
5889,Курьеры,2024-08-09
5890,Курьеры,2024-11-22
5891,Мастера услуг,2025-01-14
5892,Фрилансеры,2024-12-26
5893,Фрилансеры,2025-01-11
5894,Таксисты,2024-09-07
5895,Фрилансеры,2025-01-27
5896,Мастера услуг,2024-09-02
5897,Мастера услуг,2024-12-08
5898,Таксисты,2025-01-12
5899,Курьеры,2024-08-28
5900,Таксисты,2024-10-07
5901,Фрилансеры,2024-12-24
5902,Таксисты,2024-08-12
5903,Мастера услуг,2024-10-19
5904,Таксисты,2024-08-10
5905,Мастера услуг,2024-10-29
5906,Мастера услуг,2024-09-05
5907,Мастера услуг,2025-01-01
5908,Курьеры,2024-10-03
5909,Таксисты,2024-10-22
5910,Таксисты,2025-01-21
5911,Мастера услуг,2025-01-19
5912,Таксисты,2024-08-07
5913,Фрилансеры,2024-10-24
5914,Мастера услуг,2025-01-24
5915,Мастера услуг,2024-09-11
5916,Мастера услуг,2024-12-12
5917,Курьеры,2024-08-01
5918,Курьеры,2024-10-17
5919,Фрилансеры,2024-09-01
5920,Мастера услуг,2024-12-17
5921,Курьеры,2024-12-23
5922,Таксисты,2024-12-13
5923,Курьеры,2024-10-18
5924,Мастера услуг,2024-12-14
5925,Курьеры,2024-09-02
5926,Курьеры,2024-08-23
5927,Таксисты,2024-08-08
5928,Курьеры,2024-09-02
5929,Курьеры,2024-10-01
5930,Курьеры,2024-08-30
5931,Таксисты,2024-09-12
5932,Курьеры,2025-01-23
5933,Курьеры,2024-12-21
5934,Курьеры,2024-12-02
5935,Курьеры,2024-11-02
5936,Мастера услуг,2024-12-18
5937,Курьеры,2024-08-25
5938,Фрилансеры,2024-09-26
5939,Мастера услуг,2024-09-12
5940,Мастера услуг,2025-01-10
5941,Фрилансеры,2025-01-15
5942,Таксисты,2024-12-31
5943,Курьеры,2024-10-08
5944,Курьеры,2024-10-25
5945,Мастера услуг,2024-09-13
5946,Курьеры,2024-08-05
5947,Курьеры,2024-09-16
5948,Фрилансеры,2024-08-27
5949,Мастера услуг,2024-12-04
5950,Таксисты,2024-08-14
5951,Таксисты,2024-10-30
5952,Таксисты,2024-08-07
5953,Курьеры,2024-08-04
5954,Курьеры,2024-08-07
5955,Мастера услуг,2024-11-12
5956,Таксисты,2025-01-18
5957,Курьеры,2024-10-30
5958,Мастера услуг,2024-11-30
5959,Таксисты,2024-10-15
5960,Фрилансеры,2024-09-23
5961,Мастера услуг,2024-09-29
5962,Фрилансеры,2024-08-28
5963,Мастера услуг,2024-11-18
5964,Курьеры,2024-10-05
5965,Мастера услуг,2024-12-24
5966,Курьеры,2025-01-18
5967,Таксисты,2024-09-17
5968,Фрилансеры,2024-08-27
5969,Фрилансеры,2024-09-10
5970,Таксисты,2024-10-16
5971,Курьеры,2024-09-07
5972,Фрилансеры,2024-10-14
5973,Курьеры,2024-09-12
5974,Курьеры,2024-09-28
5975,Фрилансеры,2024-10-23
5976,Таксисты,2024-09-24
5977,Таксисты,2024-10-03
5978,Фрилансеры,2024-10-16
5979,Курьеры,2025-01-17
5980,Фрилансеры,2024-10-27
5981,Таксисты,2024-08-08
5982,Курьеры,2024-08-31
5983,Мастера услуг,2024-11-25
5984,Таксисты,2025-01-15
5985,Курьеры,2024-12-24
5986,Таксисты,2024-08-25
5987,Фрилансеры,2024-11-01
5988,Мастера услуг,2024-12-02
5989,Курьеры,2024-12-19
5990,Курьеры,2024-11-06
5991,Фрилансеры,2025-01-11
5992,Курьеры,2024-12-16
5993,Фрилансеры,2024-11-13
5994,Курьеры,2024-08-01
5995,Курьеры,2024-10-02
5996,Таксисты,2025-01-21
5997,Таксисты,2024-09-24
5998,Курьеры,2024-09-22
5999,Курьеры,2025-01-14
6000,Таксисты,2024-11-11
6001,Курьеры,2024-08-19
6002,Фрилансеры,2024-10-18
6003,Таксисты,2024-08-20
6004,Курьеры,2025-01-02
6005,Курьеры,2024-09-14
6006,Фрилансеры,2025-01-27
6007,Курьеры,2025-01-15
6008,Курьеры,2024-12-11
6009,Курьеры,2024-11-24
6010,Таксисты,2024-10-10
6011,Фрилансеры,2024-12-12
6012,Мастера услуг,2024-12-22
6013,Фрилансеры,2024-10-18
6014,Мастера услуг,2024-08-20
6015,Курьеры,2024-09-12
6016,Фрилансеры,2024-09-16
6017,Таксисты,2024-11-13
6018,Таксисты,2024-08-12
6019,Мастера услуг,2024-08-15
6020,Таксисты,2025-01-05
6021,Курьеры,2024-12-09
6022,Мастера услуг,2024-10-02
6023,Мастера услуг,2024-10-25
6024,Фрилансеры,2024-09-02
6025,Фрилансеры,2024-09-19
6026,Курьеры,2024-12-24
6027,Мастера услуг,2024-09-23
6028,Курьеры,2024-09-06
6029,Мастера услуг,2024-11-22
6030,Курьеры,2024-08-14
6031,Мастера услуг,2024-09-22
6032,Таксисты,2024-12-04
6033,Курьеры,2024-08-23
6034,Таксисты,2024-09-15
6035,Таксисты,2024-10-25
6036,Фрилансеры,2025-01-16
6037,Курьеры,2024-10-19
6038,Фрилансеры,2024-10-08
6039,Фрилансеры,2024-11-14
6040,Фрилансеры,2024-09-19
6041,Фрилансеры,2024-08-04
6042,Мастера услуг,2024-08-27
6043,Таксисты,2025-01-07
6044,Мастера услуг,2024-12-24
6045,Мастера услуг,2024-09-02
6046,Таксисты,2024-09-08
6047,Фрилансеры,2024-11-21
6048,Мастера услуг,2024-08-19
6049,Курьеры,2024-10-21
6050,Фрилансеры,2024-11-04
6051,Курьеры,2024-11-22
6052,Таксисты,2024-12-19
6053,Мастера услуг,2024-11-15
6054,Таксисты,2025-01-09
6055,Таксисты,2024-11-06
6056,Фрилансеры,2024-12-25
6057,Курьеры,2024-11-06
6058,Курьеры,2024-11-11
6059,Мастера услуг,2024-09-10
6060,Курьеры,2024-09-20
6061,Таксисты,2024-08-31
6062,Мастера услуг,2024-09-20
6063,Мастера услуг,2024-10-16
6064,Курьеры,2025-01-13
6065,Курьеры,2024-10-11
6066,Фрилансеры,2024-09-19
6067,Мастера услуг,2024-12-14
6068,Курьеры,2024-08-28
6069,Курьеры,2025-01-25
6070,Фрилансеры,2024-10-06
6071,Мастера услуг,2025-01-13
6072,Таксисты,2025-01-18
6073,Курьеры,2024-08-19
6074,Мастера услуг,2025-01-24
6075,Таксисты,2024-10-31
6076,Курьеры,2024-10-29
6077,Курьеры,2024-10-09
6078,Курьеры,2024-09-25
6079,Мастера услуг,2024-12-02
6080,Фрилансеры,2024-11-19
6081,Фрилансеры,2024-09-20
6082,Фрилансеры,2024-10-15
6083,Таксисты,2024-09-11
6084,Фрилансеры,2024-12-27
6085,Курьеры,2025-01-27
6086,Курьеры,2024-08-28
6087,Таксисты,2025-01-12
6088,Таксисты,2024-10-29
6089,Таксисты,2024-11-15
6090,Мастера услуг,2025-01-04
6091,Мастера услуг,2025-01-02
6092,Мастера услуг,2024-10-19
6093,Мастера услуг,2024-10-25
6094,Курьеры,2024-09-26
6095,Таксисты,2024-11-13
6096,Курьеры,2024-08-01
6097,Мастера услуг,2025-01-09
6098,Фрилансеры,2024-12-17
6099,Курьеры,2025-01-17
6100,Таксисты,2024-12-02
6101,Фрилансеры,2024-09-30
6102,Таксисты,2024-12-05
6103,Таксисты,2024-10-02
6104,Фрилансеры,2025-01-12
6105,Таксисты,2025-01-13
6106,Таксисты,2024-10-02
6107,Таксисты,2024-12-16
6108,Курьеры,2024-12-20
6109,Курьеры,2024-11-30
6110,Фрилансеры,2024-09-03
6111,Таксисты,2024-11-07
6112,Курьеры,2025-01-03
6113,Таксисты,2024-10-23
6114,Курьеры,2024-08-12
6115,Курьеры,2025-01-27
6116,Таксисты,2024-11-26
6117,Таксисты,2024-08-22
6118,Мастера услуг,2024-08-28
6119,Фрилансеры,2024-08-29
6120,Мастера услуг,2024-09-25
6121,Фрилансеры,2024-12-12
6122,Фрилансеры,2024-09-02
6123,Курьеры,2024-08-16
6124,Мастера услуг,2024-10-06
6125,Мастера услуг,2024-09-03
6126,Мастера услуг,2024-12-08
6127,Фрилансеры,2024-09-09
6128,Таксисты,2025-01-10
6129,Мастера услуг,2024-12-07
6130,Мастера услуг,2024-09-14
6131,Фрилансеры,2024-10-15
6132,Фрилансеры,2024-09-29
6133,Таксисты,2024-08-21
6134,Фрилансеры,2024-12-18
6135,Курьеры,2025-01-17
6136,Фрилансеры,2024-11-09
6137,Курьеры,2024-10-19
6138,Курьеры,2024-10-31
6139,Курьеры,2024-12-06
6140,Мастера услуг,2024-12-25
6141,Фрилансеры,2024-11-08
6142,Фрилансеры,2024-08-08
6143,Фрилансеры,2024-11-28
6144,Таксисты,2024-12-22
6145,Курьеры,2024-09-25
6146,Таксисты,2024-10-07
6147,Таксисты,2024-11-19
6148,Мастера услуг,2025-01-03
6149,Мастера услуг,2024-09-26
6150,Таксисты,2025-01-02
6151,Курьеры,2024-09-11
6152,Фрилансеры,2025-01-18
6153,Курьеры,2024-12-22
6154,Таксисты,2025-01-12
6155,Таксисты,2024-08-25
6156,Мастера услуг,2024-11-22
6157,Курьеры,2024-10-16
6158,Фрилансеры,2024-09-11
6159,Курьеры,2024-08-20
6160,Курьеры,2024-11-15
6161,Курьеры,2025-01-19
6162,Таксисты,2024-12-03
6163,Мастера услуг,2024-10-20
6164,Курьеры,2025-01-24
6165,Мастера услуг,2024-08-15
6166,Фрилансеры,2025-01-07
6167,Таксисты,2024-11-29
6168,Курьеры,2024-11-20
6169,Курьеры,2025-01-20
6170,Курьеры,2024-08-15
6171,Мастера услуг,2024-12-02
6172,Курьеры,2025-01-12
6173,Курьеры,2025-01-05
6174,Курьеры,2024-08-31
6175,Курьеры,2024-10-29
6176,Курьеры,2025-01-17
6177,Таксисты,2025-01-07
6178,Курьеры,2024-09-30
6179,Курьеры,2024-12-28
6180,Фрилансеры,2024-11-05
6181,Мастера услуг,2024-12-02
6182,Курьеры,2024-11-09
6183,Курьеры,2024-10-22
6184,Таксисты,2024-09-13
6185,Курьеры,2024-10-16
6186,Мастера услуг,2024-12-26
6187,Курьеры,2025-01-03
6188,Фрилансеры,2025-01-13
6189,Курьеры,2024-12-31
6190,Курьеры,2024-09-21
6191,Таксисты,2025-01-21
6192,Таксисты,2024-11-23
6193,Курьеры,2024-11-04
6194,Курьеры,2024-12-12
6195,Таксисты,2024-11-24
6196,Курьеры,2025-01-27
6197,Таксисты,2024-12-01
6198,Фрилансеры,2025-01-25
6199,Фрилансеры,2024-12-22
6200,Таксисты,2024-10-30
6201,Таксисты,2024-11-12
6202,Фрилансеры,2024-12-08
6203,Курьеры,2024-08-28
6204,Таксисты,2024-11-30
6205,Фрилансеры,2025-01-19
6206,Мастера услуг,2024-12-26
6207,Курьеры,2025-01-12
6208,Таксисты,2024-09-05
6209,Таксисты,2024-08-15
6210,Мастера услуг,2024-12-18
6211,Таксисты,2024-11-20
6212,Курьеры,2024-12-09
6213,Курьеры,2024-10-01
6214,Таксисты,2024-09-23
6215,Фрилансеры,2024-08-21
6216,Мастера услуг,2024-12-17
6217,Мастера услуг,2024-12-14
6218,Фрилансеры,2024-08-14
6219,Курьеры,2024-09-15
6220,Курьеры,2024-10-21
6221,Фрилансеры,2024-08-07
6222,Мастера услуг,2025-01-02
6223,Фрилансеры,2024-10-09
6224,Мастера услуг,2024-11-03
6225,Курьеры,2024-10-24
6226,Фрилансеры,2024-10-12
6227,Курьеры,2024-08-03
6228,Курьеры,2024-09-23
6229,Таксисты,2024-09-02
6230,Курьеры,2025-01-04
6231,Курьеры,2024-08-10
6232,Мастера услуг,2024-09-12
6233,Таксисты,2025-01-01
6234,Курьеры,2024-09-04
6235,Мастера услуг,2024-11-18
6236,Курьеры,2025-01-08
6237,Таксисты,2024-10-01
6238,Таксисты,2024-10-25
6239,Мастера услуг,2025-01-02
6240,Фрилансеры,2024-11-27
6241,Мастера услуг,2024-12-04
6242,Мастера услуг,2024-11-21
6243,Фрилансеры,2025-01-27
6244,Фрилансеры,2024-10-09
6245,Мастера услуг,2024-10-18
6246,Мастера услуг,2024-08-03
6247,Фрилансеры,2024-11-16
6248,Фрилансеры,2025-01-19
6249,Курьеры,2024-08-07
6250,Мастера услуг,2024-11-05
6251,Фрилансеры,2024-11-10
6252,Мастера услуг,2024-11-16
6253,Курьеры,2024-09-04
6254,Курьеры,2025-01-23
6255,Мастера услуг,2024-10-05
6256,Курьеры,2025-01-15
6257,Фрилансеры,2024-09-02
6258,Фрилансеры,2024-08-23
6259,Таксисты,2024-12-25
6260,Курьеры,2024-09-09
6261,Курьеры,2024-12-29
6262,Фрилансеры,2024-08-14
6263,Мастера услуг,2024-10-07
6264,Фрилансеры,2024-10-05
6265,Таксисты,2024-08-30
6266,Курьеры,2024-11-06
6267,Мастера услуг,2024-11-19
6268,Таксисты,2025-01-20
6269,Мастера услуг,2024-10-08
6270,Фрилансеры,2024-09-22
6271,Курьеры,2024-12-16
6272,Таксисты,2024-10-23
6273,Мастера услуг,2024-09-25
6274,Таксисты,2024-12-28
6275,Курьеры,2024-10-12
6276,Таксисты,2024-10-20
6277,Фрилансеры,2024-08-14
6278,Таксисты,2025-01-26
6279,Таксисты,2025-01-27
6280,Курьеры,2024-11-23
6281,Мастера услуг,2024-11-08
6282,Курьеры,2024-12-04
6283,Мастера услуг,2024-10-16
6284,Курьеры,2024-08-03
6285,Фрилансеры,2024-09-07
6286,Фрилансеры,2024-11-14
6287,Таксисты,2024-11-28
6288,Таксисты,2024-10-08
6289,Курьеры,2024-09-18
6290,Таксисты,2025-01-25
6291,Мастера услуг,2024-08-11
6292,Фрилансеры,2024-10-02
6293,Курьеры,2024-10-14
6294,Курьеры,2024-09-03
6295,Мастера услуг,2025-01-10
6296,Мастера услуг,2024-09-26
6297,Таксисты,2025-01-13
6298,Таксисты,2024-12-19
6299,Мастера услуг,2024-11-20
6300,Мастера услуг,2024-09-14
6301,Курьеры,2024-12-17
6302,Мастера услуг,2024-11-19
6303,Таксисты,2024-09-06
6304,Курьеры,2024-08-07
6305,Курьеры,2024-12-19
6306,Курьеры,2024-10-18
6307,Фрилансеры,2024-11-03
6308,Таксисты,2024-08-01
6309,Курьеры,2024-12-14
6310,Курьеры,2024-12-13
6311,Курьеры,2024-11-18
6312,Курьеры,2024-12-27
6313,Курьеры,2025-01-21
6314,Фрилансеры,2024-12-05
6315,Мастера услуг,2024-09-26
6316,Фрилансеры,2025-01-16
6317,Курьеры,2024-09-14
6318,Таксисты,2024-12-04
6319,Курьеры,2024-11-05
6320,Мастера услуг,2024-11-01
6321,Фрилансеры,2024-11-22
6322,Мастера услуг,2024-10-16
6323,Курьеры,2024-11-21
6324,Таксисты,2024-11-09
6325,Мастера услуг,2024-09-11
6326,Фрилансеры,2025-01-26
6327,Таксисты,2024-08-26
6328,Мастера услуг,2024-09-12
6329,Курьеры,2024-09-18
6330,Таксисты,2024-10-28
6331,Курьеры,2025-01-01
6332,Курьеры,2024-09-06
6333,Таксисты,2024-10-06
6334,Таксисты,2024-09-12
6335,Курьеры,2024-11-22
6336,Курьеры,2025-01-20
6337,Фрилансеры,2024-12-18
6338,Курьеры,2024-12-20
6339,Таксисты,2025-01-09
6340,Мастера услуг,2024-11-07
6341,Мастера услуг,2024-12-03
6342,Мастера услуг,2024-10-01
6343,Фрилансеры,2024-11-12
6344,Мастера услуг,2024-12-04
6345,Курьеры,2024-10-09
6346,Фрилансеры,2024-11-04
6347,Фрилансеры,2024-10-15
6348,Курьеры,2024-12-24
6349,Таксисты,2024-12-07
6350,Таксисты,2024-11-04
6351,Фрилансеры,2024-11-02
6352,Курьеры,2024-12-02
6353,Курьеры,2024-10-15
6354,Курьеры,2024-09-23
6355,Мастера услуг,2024-08-04
6356,Курьеры,2024-09-25
6357,Таксисты,2024-09-11
6358,Фрилансеры,2025-01-27
6359,Курьеры,2024-08-17
6360,Таксисты,2024-08-29
6361,Мастера услуг,2024-09-21
6362,Мастера услуг,2024-09-25
6363,Таксисты,2024-12-19
6364,Фрилансеры,2024-10-08
6365,Таксисты,2024-08-20
6366,Курьеры,2024-08-27
6367,Фрилансеры,2024-09-09
6368,Фрилансеры,2024-10-11
6369,Таксисты,2025-01-14
6370,Курьеры,2024-10-07
6371,Таксисты,2024-11-21
6372,Курьеры,2024-08-02
6373,Мастера услуг,2024-09-10
6374,Курьеры,2024-08-11
6375,Мастера услуг,2024-12-16
6376,Таксисты,2024-12-19
6377,Таксисты,2024-10-08
6378,Фрилансеры,2024-12-28
6379,Курьеры,2024-12-03
6380,Мастера услуг,2024-10-27
6381,Таксисты,2024-09-14
6382,Курьеры,2024-11-27
6383,Курьеры,2024-12-11
6384,Таксисты,2025-01-03
6385,Фрилансеры,2025-01-06
6386,Мастера услуг,2024-10-13
6387,Мастера услуг,2025-01-23
6388,Фрилансеры,2024-09-20
6389,Курьеры,2024-08-11
6390,Мастера услуг,2025-01-13
6391,Курьеры,2025-01-23
6392,Курьеры,2024-09-06
6393,Курьеры,2024-09-03
6394,Фрилансеры,2024-12-14
6395,Мастера услуг,2024-11-11
6396,Мастера услуг,2024-12-11
6397,Курьеры,2024-11-29
6398,Мастера услуг,2024-08-08
6399,Таксисты,2024-08-30
6400,Курьеры,2025-01-21
6401,Курьеры,2024-10-15
6402,Курьеры,2025-01-23
6403,Курьеры,2024-12-31
6404,Курьеры,2024-08-15
6405,Таксисты,2024-11-02
6406,Фрилансеры,2024-12-14
6407,Курьеры,2025-01-24
6408,Мастера услуг,2024-12-22
6409,Таксисты,2025-01-17
6410,Таксисты,2024-12-18
6411,Фрилансеры,2025-01-03
6412,Таксисты,2024-09-21
6413,Курьеры,2024-12-10
6414,Курьеры,2024-08-01
6415,Курьеры,2024-10-31
6416,Мастера услуг,2024-09-18
6417,Мастера услуг,2025-01-24
6418,Фрилансеры,2024-10-25
6419,Мастера услуг,2024-08-15
6420,Мастера услуг,2024-11-28
6421,Курьеры,2025-01-09
6422,Мастера услуг,2024-09-14
6423,Таксисты,2024-09-01
6424,Курьеры,2025-01-21
6425,Мастера услуг,2024-12-05
6426,Курьеры,2024-12-24
6427,Курьеры,2024-09-30
6428,Фрилансеры,2024-12-15
6429,Фрилансеры,2025-01-05
6430,Мастера услуг,2024-09-06
6431,Курьеры,2025-01-14
6432,Фрилансеры,2024-11-11
6433,Таксисты,2024-10-11
6434,Фрилансеры,2025-01-14
6435,Мастера услуг,2024-08-08
6436,Курьеры,2024-11-24
6437,Таксисты,2024-12-04
6438,Таксисты,2025-01-25
6439,Фрилансеры,2024-10-22
6440,Таксисты,2024-10-01
6441,Курьеры,2024-12-06
6442,Таксисты,2024-08-08
6443,Таксисты,2024-08-04
6444,Фрилансеры,2024-09-11
6445,Мастера услуг,2024-10-18
6446,Фрилансеры,2024-12-17
6447,Таксисты,2024-10-27
6448,Мастера услуг,2024-11-28
6449,Курьеры,2024-08-23
6450,Курьеры,2024-11-11
6451,Фрилансеры,2024-12-12
6452,Мастера услуг,2024-10-25
6453,Фрилансеры,2024-12-25
6454,Курьеры,2024-12-25
6455,Курьеры,2024-12-30
6456,Фрилансеры,2024-12-10
6457,Курьеры,2024-09-01
6458,Таксисты,2024-12-06
6459,Курьеры,2025-01-19
6460,Курьеры,2024-09-30
6461,Фрилансеры,2024-08-02
6462,Курьеры,2025-01-13
6463,Таксисты,2024-08-19
6464,Таксисты,2025-01-04
6465,Курьеры,2024-11-20
6466,Мастера услуг,2024-11-14
6467,Мастера услуг,2024-08-10
6468,Таксисты,2024-11-03
6469,Таксисты,2024-09-30
6470,Курьеры,2024-12-21
6471,Курьеры,2024-09-27
6472,Курьеры,2024-10-30
6473,Фрилансеры,2024-10-13
6474,Курьеры,2025-01-22
6475,Курьеры,2024-10-09
6476,Курьеры,2024-09-25
6477,Фрилансеры,2025-01-11
6478,Курьеры,2025-01-26
6479,Фрилансеры,2024-08-27
6480,Курьеры,2024-08-27
6481,Курьеры,2024-12-28
6482,Курьеры,2025-01-27
6483,Курьеры,2024-11-08
6484,Таксисты,2024-08-09
6485,Мастера услуг,2024-11-26
6486,Курьеры,2024-09-26
6487,Таксисты,2024-08-15
6488,Таксисты,2024-11-03
6489,Мастера услуг,2024-12-11
6490,Таксисты,2024-11-21
6491,Таксисты,2024-11-19
6492,Таксисты,2024-09-07
6493,Курьеры,2024-12-27
6494,Мастера услуг,2024-08-20
6495,Мастера услуг,2024-11-20
6496,Фрилансеры,2024-11-10
6497,Мастера услуг,2024-09-18
6498,Курьеры,2024-12-29
6499,Фрилансеры,2024-12-30
6500,Мастера услуг,2024-10-09
6501,Таксисты,2024-12-16
6502,Таксисты,2024-08-13
6503,Мастера услуг,2024-08-28
6504,Мастера услуг,2024-10-30
6505,Мастера услуг,2024-12-27
6506,Таксисты,2024-08-25
6507,Мастера услуг,2024-11-18
6508,Курьеры,2024-09-25
6509,Фрилансеры,2024-11-29
6510,Мастера услуг,2024-12-28
6511,Мастера услуг,2024-11-08
6512,Фрилансеры,2025-01-10
6513,Курьеры,2024-09-16
6514,Курьеры,2024-08-30
6515,Фрилансеры,2024-10-05
6516,Курьеры,2024-11-25
6517,Таксисты,2024-12-09
6518,Курьеры,2024-10-05
6519,Курьеры,2024-12-01
6520,Таксисты,2024-12-04
6521,Мастера услуг,2024-11-23
6522,Курьеры,2024-08-14
6523,Мастера услуг,2024-10-19
6524,Мастера услуг,2024-10-21
6525,Мастера услуг,2025-01-20
6526,Таксисты,2024-10-26
6527,Курьеры,2024-10-02
6528,Фрилансеры,2024-12-31
6529,Мастера услуг,2024-09-29
6530,Курьеры,2024-09-15
6531,Курьеры,2024-09-14
6532,Мастера услуг,2024-12-13
6533,Курьеры,2025-01-23
6534,Фрилансеры,2024-12-16
6535,Таксисты,2025-01-07
6536,Мастера услуг,2024-09-02
6537,Курьеры,2024-12-02
6538,Фрилансеры,2024-09-24
6539,Мастера услуг,2024-08-19
6540,Фрилансеры,2025-01-23
6541,Курьеры,2024-11-23
6542,Курьеры,2024-10-21
6543,Мастера услуг,2024-10-15
6544,Курьеры,2024-11-12
6545,Фрилансеры,2024-10-30
6546,Таксисты,2024-09-20
6547,Фрилансеры,2024-08-25
6548,Курьеры,2024-10-03
6549,Таксисты,2024-12-13
6550,Курьеры,2024-11-08
6551,Таксисты,2024-08-31
6552,Мастера услуг,2024-09-18
6553,Таксисты,2024-12-26
6554,Курьеры,2024-08-11
6555,Курьеры,2025-01-07
6556,Фрилансеры,2024-10-30
6557,Курьеры,2024-11-05
6558,Фрилансеры,2024-08-26
6559,Таксисты,2024-12-23
6560,Фрилансеры,2024-09-09
6561,Курьеры,2024-08-17
6562,Курьеры,2024-10-22
6563,Мастера услуг,2024-09-03
6564,Мастера услуг,2024-11-01
6565,Курьеры,2024-11-08
6566,Фрилансеры,2025-01-14
6567,Курьеры,2024-10-01
6568,Курьеры,2024-10-12
6569,Курьеры,2024-09-13
6570,Курьеры,2024-12-12
6571,Мастера услуг,2024-08-23
6572,Фрилансеры,2024-12-21
6573,Мастера услуг,2024-10-31
6574,Курьеры,2024-12-06
6575,Фрилансеры,2024-09-15
6576,Курьеры,2024-09-11
6577,Курьеры,2025-01-10
6578,Курьеры,2024-10-01
6579,Курьеры,2024-09-25
6580,Таксисты,2024-10-21
6581,Таксисты,2024-10-05
6582,Таксисты,2024-12-10
6583,Курьеры,2024-12-17
6584,Курьеры,2024-11-01
6585,Мастера услуг,2024-10-09
6586,Курьеры,2024-09-12
6587,Курьеры,2025-01-11
6588,Фрилансеры,2024-12-15
6589,Курьеры,2024-12-11
6590,Мастера услуг,2024-09-04
6591,Фрилансеры,2024-12-29
6592,Мастера услуг,2025-01-23
6593,Таксисты,2024-10-11
6594,Курьеры,2024-08-19
6595,Мастера услуг,2024-10-25
6596,Мастера услуг,2025-01-16
6597,Фрилансеры,2024-11-02
6598,Курьеры,2024-11-18
6599,Курьеры,2025-01-12
6600,Таксисты,2024-08-14
6601,Фрилансеры,2024-10-20
6602,Курьеры,2024-12-18
6603,Таксисты,2024-08-27
6604,Мастера услуг,2024-08-18
6605,Фрилансеры,2025-01-09
6606,Таксисты,2024-09-02
6607,Мастера услуг,2025-01-09
6608,Таксисты,2024-11-01
6609,Курьеры,2024-08-31
6610,Мастера услуг,2025-01-02
6611,Мастера услуг,2024-12-18
6612,Фрилансеры,2024-11-18
6613,Курьеры,2024-09-19
6614,Таксисты,2025-01-15
6615,Курьеры,2024-09-28
6616,Фрилансеры,2024-10-03
6617,Курьеры,2024-08-28
6618,Курьеры,2025-01-12
6619,Курьеры,2025-01-17
6620,Таксисты,2024-12-28
6621,Курьеры,2024-08-08
6622,Мастера услуг,2024-09-24
6623,Фрилансеры,2024-09-11
6624,Курьеры,2024-10-19
6625,Курьеры,2024-12-20
6626,Курьеры,2024-09-09
6627,Фрилансеры,2024-10-23
6628,Мастера услуг,2024-09-06
6629,Фрилансеры,2024-09-23
6630,Таксисты,2024-12-18
6631,Фрилансеры,2024-10-13
6632,Курьеры,2024-10-16
6633,Таксисты,2024-11-09
6634,Мастера услуг,2024-08-16
6635,Таксисты,2024-11-24
6636,Курьеры,2024-10-11
6637,Курьеры,2024-12-19
6638,Таксисты,2024-11-04
6639,Курьеры,2024-10-26
6640,Курьеры,2025-01-04
6641,Фрилансеры,2024-09-24
6642,Курьеры,2024-12-02
6643,Фрилансеры,2024-12-11
6644,Таксисты,2024-12-16
6645,Фрилансеры,2024-12-16
6646,Таксисты,2025-01-13
6647,Фрилансеры,2024-12-26
6648,Таксисты,2024-11-20
6649,Таксисты,2024-11-13
6650,Мастера услуг,2024-11-10
6651,Мастера услуг,2024-09-30
6652,Мастера услуг,2024-10-25
6653,Мастера услуг,2024-08-01
6654,Фрилансеры,2024-12-11
6655,Таксисты,2024-08-04
6656,Таксисты,2024-12-21
6657,Мастера услуг,2024-12-13
6658,Фрилансеры,2024-08-19
6659,Фрилансеры,2025-01-25
6660,Мастера услуг,2024-11-25
6661,Таксисты,2024-09-07
6662,Таксисты,2024-10-13
6663,Мастера услуг,2024-09-16
6664,Таксисты,2024-11-13
6665,Мастера услуг,2025-01-06
6666,Курьеры,2024-12-01
6667,Таксисты,2025-01-07
6668,Курьеры,2024-11-29
6669,Курьеры,2025-01-05
6670,Мастера услуг,2024-10-29
6671,Фрилансеры,2024-12-21
6672,Мастера услуг,2024-11-18
6673,Фрилансеры,2024-12-15
6674,Мастера услуг,2024-08-30
6675,Фрилансеры,2024-11-27
6676,Таксисты,2024-09-27
6677,Курьеры,2024-09-10
6678,Фрилансеры,2024-12-16
6679,Курьеры,2024-10-23
6680,Мастера услуг,2024-09-13
6681,Курьеры,2024-10-30
6682,Курьеры,2024-10-14
6683,Курьеры,2024-08-07
6684,Курьеры,2024-08-17
6685,Таксисты,2024-12-01
6686,Мастера услуг,2024-09-23
6687,Мастера услуг,2024-11-03
6688,Курьеры,2024-12-04
6689,Мастера услуг,2024-12-29
6690,Курьеры,2024-08-15
6691,Таксисты,2025-01-04
6692,Курьеры,2024-09-27
6693,Фрилансеры,2024-09-30
6694,Мастера услуг,2024-12-16
6695,Фрилансеры,2024-12-29
6696,Фрилансеры,2024-12-01
6697,Мастера услуг,2024-10-08
6698,Курьеры,2024-11-15
6699,Мастера услуг,2024-09-07
6700,Курьеры,2024-12-17
6701,Курьеры,2024-12-19
6702,Таксисты,2024-09-21
6703,Курьеры,2024-09-11
6704,Курьеры,2024-12-05
6705,Таксисты,2024-08-04
6706,Курьеры,2024-10-11
6707,Таксисты,2024-12-15
6708,Мастера услуг,2024-10-20
6709,Таксисты,2024-10-17
6710,Мастера услуг,2024-10-11
6711,Мастера услуг,2025-01-23
6712,Фрилансеры,2024-12-03
6713,Курьеры,2024-12-16
6714,Мастера услуг,2024-09-24
6715,Мастера услуг,2024-10-24
6716,Курьеры,2024-11-22
6717,Курьеры,2024-09-24
6718,Курьеры,2024-08-28
6719,Курьеры,2025-01-19
6720,Мастера услуг,2024-10-04
6721,Мастера услуг,2024-11-04
6722,Курьеры,2024-11-06
6723,Таксисты,2024-11-07
6724,Курьеры,2024-08-20
6725,Таксисты,2025-01-20
6726,Курьеры,2024-11-15
6727,Таксисты,2024-11-12
6728,Таксисты,2024-09-29
6729,Мастера услуг,2024-09-13
6730,Мастера услуг,2024-08-09
6731,Курьеры,2025-01-02
6732,Таксисты,2024-08-15
6733,Фрилансеры,2024-11-03
6734,Курьеры,2024-12-25
6735,Курьеры,2024-09-22
6736,Фрилансеры,2024-08-16
6737,Курьеры,2024-11-13
6738,Курьеры,2024-08-27
6739,Курьеры,2024-09-08
6740,Курьеры,2024-12-04
6741,Мастера услуг,2024-08-15
6742,Мастера услуг,2024-10-21
6743,Курьеры,2024-12-27
6744,Таксисты,2024-10-26
6745,Курьеры,2024-10-05
6746,Таксисты,2024-08-19
6747,Мастера услуг,2024-08-29
6748,Таксисты,2024-08-20
6749,Таксисты,2024-11-21
6750,Курьеры,2024-09-15
6751,Мастера услуг,2024-08-22
6752,Курьеры,2024-11-13
6753,Таксисты,2025-01-09
6754,Курьеры,2024-09-15
6755,Мастера услуг,2024-08-16
6756,Курьеры,2025-01-02
6757,Мастера услуг,2024-11-20
6758,Фрилансеры,2024-10-05
6759,Фрилансеры,2024-10-16
6760,Мастера услуг,2024-11-10
6761,Мастера услуг,2024-08-16
6762,Мастера услуг,2024-10-26
6763,Таксисты,2025-01-05
6764,Таксисты,2025-01-22
6765,Мастера услуг,2024-12-26
6766,Фрилансеры,2024-12-31
6767,Таксисты,2024-09-04
6768,Мастера услуг,2024-11-21
6769,Фрилансеры,2025-01-22
6770,Курьеры,2024-12-21
6771,Фрилансеры,2024-12-27
6772,Фрилансеры,2024-08-09
6773,Курьеры,2024-08-06
6774,Мастера услуг,2024-11-30
6775,Мастера услуг,2024-11-17
6776,Таксисты,2024-12-14
6777,Фрилансеры,2025-01-16
6778,Курьеры,2025-01-23
6779,Фрилансеры,2024-12-27
6780,Курьеры,2024-09-04
6781,Курьеры,2024-09-09
6782,Курьеры,2025-01-12
6783,Курьеры,2024-10-22
6784,Мастера услуг,2024-11-18
6785,Фрилансеры,2024-11-12
6786,Курьеры,2024-12-25
6787,Таксисты,2024-09-18
6788,Курьеры,2024-12-08
6789,Курьеры,2024-08-02
6790,Фрилансеры,2025-01-10
6791,Курьеры,2024-09-28
6792,Фрилансеры,2024-11-03
6793,Мастера услуг,2024-12-27
6794,Курьеры,2025-01-10
6795,Курьеры,2024-08-16
6796,Фрилансеры,2024-10-24
6797,Курьеры,2024-11-02
6798,Мастера услуг,2025-01-07
6799,Таксисты,2024-08-31
6800,Курьеры,2024-08-10
6801,Курьеры,2024-11-07
6802,Курьеры,2024-08-06
6803,Курьеры,2024-08-17
6804,Фрилансеры,2024-09-29
6805,Мастера услуг,2024-12-25
6806,Курьеры,2024-11-01
6807,Фрилансеры,2024-10-27
6808,Таксисты,2024-10-13
6809,Мастера услуг,2025-01-11
6810,Таксисты,2024-09-19
6811,Мастера услуг,2024-08-25
6812,Курьеры,2024-08-17
6813,Мастера услуг,2024-10-29
6814,Таксисты,2024-10-18
6815,Курьеры,2024-12-26
6816,Курьеры,2024-09-27
6817,Курьеры,2024-09-19
6818,Таксисты,2024-10-28
6819,Курьеры,2024-08-23
6820,Курьеры,2025-01-10
6821,Курьеры,2024-08-12
6822,Курьеры,2024-08-08
6823,Курьеры,2024-10-01
6824,Таксисты,2024-10-25
6825,Курьеры,2024-08-21
6826,Курьеры,2024-11-19
6827,Курьеры,2024-09-06
6828,Таксисты,2024-09-13
6829,Фрилансеры,2024-08-25
6830,Курьеры,2025-01-14
6831,Фрилансеры,2025-01-06
6832,Фрилансеры,2024-11-15
6833,Фрилансеры,2025-01-05
6834,Фрилансеры,2024-09-15
6835,Курьеры,2024-08-14
6836,Мастера услуг,2024-08-17
6837,Фрилансеры,2024-11-02
6838,Курьеры,2024-10-25
6839,Фрилансеры,2024-09-15
6840,Мастера услуг,2025-01-09
6841,Мастера услуг,2024-08-20
6842,Фрилансеры,2025-01-01
6843,Фрилансеры,2025-01-23
6844,Таксисты,2025-01-06
6845,Курьеры,2024-12-11
6846,Мастера услуг,2024-10-05
6847,Таксисты,2025-01-10
6848,Мастера услуг,2024-09-21
6849,Фрилансеры,2025-01-13
6850,Курьеры,2024-12-24
6851,Курьеры,2024-10-10
6852,Мастера услуг,2025-01-19
6853,Фрилансеры,2024-09-03
6854,Фрилансеры,2024-11-20
6855,Курьеры,2024-08-11
6856,Фрилансеры,2024-09-11
6857,Фрилансеры,2024-09-07
6858,Курьеры,2024-12-17
6859,Таксисты,2025-01-09
6860,Таксисты,2024-09-29
6861,Курьеры,2024-11-12
6862,Курьеры,2024-09-28
6863,Мастера услуг,2024-08-08
6864,Фрилансеры,2024-10-15
6865,Таксисты,2024-12-01
6866,Мастера услуг,2024-09-02
6867,Курьеры,2024-12-07
6868,Курьеры,2024-10-07
6869,Таксисты,2024-11-02
6870,Таксисты,2024-11-08
6871,Мастера услуг,2024-09-07
6872,Мастера услуг,2024-09-12
6873,Курьеры,2024-10-13
6874,Фрилансеры,2025-01-24
6875,Фрилансеры,2024-09-08
6876,Фрилансеры,2024-11-03
6877,Таксисты,2024-08-24
6878,Таксисты,2024-08-28
6879,Курьеры,2024-12-22
6880,Таксисты,2024-08-06
6881,Фрилансеры,2024-09-01
6882,Мастера услуг,2024-09-24
6883,Мастера услуг,2024-09-23
6884,Мастера услуг,2024-08-18
6885,Курьеры,2024-11-23
6886,Таксисты,2024-11-11
6887,Мастера услуг,2024-12-03
6888,Таксисты,2024-11-05
6889,Мастера услуг,2024-12-31
6890,Мастера услуг,2024-08-11
6891,Курьеры,2024-11-28
6892,Курьеры,2024-12-30
6893,Таксисты,2024-11-06
6894,Курьеры,2024-09-02
6895,Мастера услуг,2024-08-08
6896,Мастера услуг,2024-08-25
6897,Курьеры,2024-09-27
6898,Курьеры,2024-11-30
6899,Курьеры,2024-09-12
6900,Курьеры,2024-09-20
6901,Таксисты,2024-10-07
6902,Курьеры,2024-09-07
6903,Мастера услуг,2024-09-07
6904,Курьеры,2025-01-27
6905,Мастера услуг,2025-01-14
6906,Курьеры,2024-08-14
6907,Фрилансеры,2024-11-27
6908,Таксисты,2024-08-21
6909,Курьеры,2024-08-26
6910,Курьеры,2024-11-22
6911,Фрилансеры,2024-10-07
6912,Фрилансеры,2024-12-12
6913,Курьеры,2024-11-03
6914,Таксисты,2024-09-23
6915,Фрилансеры,2024-11-27
6916,Мастера услуг,2024-12-21
6917,Фрилансеры,2024-09-25
6918,Курьеры,2024-09-24
6919,Курьеры,2024-09-02
6920,Курьеры,2025-01-06
6921,Мастера услуг,2024-09-10
6922,Мастера услуг,2024-10-05
6923,Курьеры,2024-09-06
6924,Курьеры,2024-08-22
6925,Мастера услуг,2025-01-17
6926,Фрилансеры,2024-12-10
6927,Курьеры,2024-09-15
6928,Фрилансеры,2025-01-24
6929,Курьеры,2024-08-09
6930,Мастера услуг,2024-09-03
6931,Курьеры,2024-08-01
6932,Курьеры,2025-01-09
6933,Фрилансеры,2025-01-22
6934,Таксисты,2024-12-28
6935,Курьеры,2024-12-22
6936,Курьеры,2024-10-12
6937,Фрилансеры,2025-01-02
6938,Фрилансеры,2024-10-24
6939,Курьеры,2025-01-18
6940,Курьеры,2024-08-04
6941,Мастера услуг,2024-09-09
6942,Курьеры,2024-12-28
6943,Курьеры,2024-08-24
6944,Фрилансеры,2024-09-06
6945,Курьеры,2024-10-11
6946,Мастера услуг,2025-01-22
6947,Таксисты,2024-11-29
6948,Курьеры,2024-08-17
6949,Таксисты,2024-09-07
6950,Фрилансеры,2024-12-05
6951,Фрилансеры,2024-09-02
6952,Таксисты,2024-12-02
6953,Таксисты,2024-11-05
6954,Курьеры,2024-12-13
6955,Курьеры,2024-12-29
6956,Курьеры,2024-08-23
6957,Таксисты,2024-09-14
6958,Таксисты,2024-10-15
6959,Мастера услуг,2024-11-02
6960,Мастера услуг,2024-10-27
6961,Фрилансеры,2024-12-12
6962,Фрилансеры,2025-01-22
6963,Таксисты,2024-12-03
6964,Фрилансеры,2024-12-14
6965,Таксисты,2024-10-01
6966,Мастера услуг,2024-08-19
6967,Фрилансеры,2024-09-27
6968,Курьеры,2024-12-14
6969,Курьеры,2024-12-09
6970,Курьеры,2025-01-23
6971,Курьеры,2024-10-18
6972,Курьеры,2024-10-10
6973,Мастера услуг,2024-12-17
6974,Мастера услуг,2024-11-30
6975,Таксисты,2024-09-22
6976,Таксисты,2024-12-02
6977,Фрилансеры,2025-01-27
6978,Курьеры,2024-12-09
6979,Фрилансеры,2024-08-21
6980,Мастера услуг,2024-12-22
6981,Таксисты,2024-10-24
6982,Курьеры,2024-09-13
6983,Таксисты,2024-11-13
6984,Мастера услуг,2024-10-07
6985,Курьеры,2024-08-30
6986,Мастера услуг,2024-12-16
6987,Таксисты,2024-11-13
6988,Мастера услуг,2025-01-07
6989,Мастера услуг,2024-09-18
6990,Таксисты,2024-12-22
6991,Мастера услуг,2024-12-17
6992,Таксисты,2025-01-25
6993,Таксисты,2024-08-18
6994,Мастера услуг,2024-12-01
6995,Фрилансеры,2024-12-29
6996,Курьеры,2024-12-17
6997,Таксисты,2024-08-31
6998,Таксисты,2024-09-21
6999,Мастера услуг,2024-10-13
7000,Мастера услуг,2024-12-03
7001,Мастера услуг,2024-10-11
7002,Курьеры,2025-01-26
7003,Мастера услуг,2024-08-05
7004,Таксисты,2024-08-29
7005,Курьеры,2025-01-16
7006,Мастера услуг,2025-01-14
7007,Фрилансеры,2024-11-30
7008,Мастера услуг,2024-10-13
7009,Курьеры,2024-09-23
7010,Курьеры,2024-09-20
7011,Мастера услуг,2024-09-28
7012,Курьеры,2024-11-03
7013,Мастера услуг,2024-11-24
7014,Таксисты,2024-08-22
7015,Курьеры,2024-08-21
7016,Курьеры,2024-10-09
7017,Курьеры,2024-10-03
7018,Курьеры,2025-01-22
7019,Таксисты,2024-10-25
7020,Курьеры,2024-10-10
7021,Таксисты,2024-11-14
7022,Мастера услуг,2024-09-25
7023,Таксисты,2024-09-05
7024,Курьеры,2024-12-04
7025,Фрилансеры,2025-01-11
7026,Мастера услуг,2024-08-29
7027,Фрилансеры,2024-10-05
7028,Курьеры,2025-01-27
7029,Таксисты,2024-10-08
7030,Фрилансеры,2024-12-12
7031,Курьеры,2024-10-01
7032,Курьеры,2025-01-16
7033,Фрилансеры,2024-11-11
7034,Таксисты,2025-01-26
7035,Таксисты,2024-08-07
7036,Курьеры,2024-08-15
7037,Курьеры,2024-12-25
7038,Таксисты,2024-10-10
7039,Курьеры,2024-10-04
7040,Мастера услуг,2024-12-17
7041,Таксисты,2025-01-17
7042,Мастера услуг,2024-08-18
7043,Курьеры,2024-12-12
7044,Фрилансеры,2024-09-04
7045,Мастера услуг,2024-09-03
7046,Курьеры,2024-12-12
7047,Фрилансеры,2024-11-18
7048,Мастера услуг,2024-11-05
7049,Таксисты,2024-12-30
7050,Курьеры,2025-01-06
7051,Курьеры,2024-08-20
7052,Курьеры,2024-11-04
7053,Таксисты,2024-12-13
7054,Курьеры,2024-08-24
7055,Таксисты,2024-11-25
7056,Мастера услуг,2024-09-03
7057,Курьеры,2024-12-01
7058,Курьеры,2024-10-08
7059,Курьеры,2024-10-23
7060,Фрилансеры,2024-09-25
7061,Курьеры,2024-08-26
7062,Таксисты,2024-09-09
7063,Фрилансеры,2025-01-04
7064,Курьеры,2024-08-15
7065,Курьеры,2024-12-13
7066,Таксисты,2024-10-01
7067,Курьеры,2024-10-05
7068,Курьеры,2024-08-07
7069,Фрилансеры,2024-11-24
7070,Мастера услуг,2024-12-31
7071,Фрилансеры,2024-11-14
7072,Курьеры,2024-12-22
7073,Курьеры,2024-11-14
7074,Мастера услуг,2024-12-21
7075,Курьеры,2024-08-28
7076,Фрилансеры,2025-01-19
7077,Таксисты,2024-09-24
7078,Таксисты,2025-01-05
7079,Фрилансеры,2024-08-11
7080,Курьеры,2024-11-21
7081,Курьеры,2024-10-01
7082,Фрилансеры,2024-09-11
7083,Мастера услуг,2024-10-14
7084,Курьеры,2024-10-23
7085,Мастера услуг,2024-12-05
7086,Мастера услуг,2024-09-02
7087,Мастера услуг,2024-09-22
7088,Фрилансеры,2024-08-15
7089,Таксисты,2024-10-05
7090,Курьеры,2024-08-03
7091,Мастера услуг,2024-10-22
7092,Таксисты,2024-12-05
7093,Мастера услуг,2025-01-18
7094,Фрилансеры,2025-01-25
7095,Курьеры,2024-08-02
7096,Фрилансеры,2024-09-22
7097,Курьеры,2024-09-01
7098,Курьеры,2025-01-03
7099,Курьеры,2024-11-16
7100,Таксисты,2024-11-30
7101,Таксисты,2024-11-22
7102,Курьеры,2024-09-22
7103,Мастера услуг,2024-08-09
7104,Мастера услуг,2024-12-20
7105,Мастера услуг,2024-08-24
7106,Мастера услуг,2024-12-23
7107,Курьеры,2024-10-06
7108,Фрилансеры,2024-12-19
7109,Таксисты,2024-12-18
7110,Таксисты,2024-12-12
7111,Курьеры,2024-08-21
7112,Мастера услуг,2024-12-02
7113,Мастера услуг,2024-10-02
7114,Мастера услуг,2025-01-16
7115,Фрилансеры,2024-10-22
7116,Фрилансеры,2024-11-24
7117,Курьеры,2024-08-27
7118,Курьеры,2024-11-24
7119,Фрилансеры,2025-01-08
7120,Курьеры,2024-09-09
7121,Мастера услуг,2024-10-03
7122,Таксисты,2025-01-19
7123,Курьеры,2024-12-03
7124,Мастера услуг,2024-08-20
7125,Курьеры,2024-12-15
7126,Фрилансеры,2024-09-18
7127,Фрилансеры,2024-09-06
7128,Таксисты,2025-01-20
7129,Мастера услуг,2025-01-17
7130,Фрилансеры,2025-01-22
7131,Курьеры,2024-10-01
7132,Мастера услуг,2024-09-21
7133,Мастера услуг,2024-09-12
7134,Таксисты,2024-08-25
7135,Таксисты,2024-09-21
7136,Фрилансеры,2024-10-02
7137,Мастера услуг,2024-11-07
7138,Фрилансеры,2025-01-05
7139,Мастера услуг,2024-11-30
7140,Фрилансеры,2024-12-06
7141,Курьеры,2024-12-17
7142,Мастера услуг,2024-09-08
7143,Мастера услуг,2024-10-26
7144,Таксисты,2024-08-10
7145,Фрилансеры,2025-01-25
7146,Мастера услуг,2024-10-29
7147,Курьеры,2024-09-10
7148,Курьеры,2024-09-01
7149,Таксисты,2024-09-15
7150,Таксисты,2024-08-14
7151,Фрилансеры,2024-10-23
7152,Таксисты,2024-12-26
7153,Фрилансеры,2025-01-01
7154,Таксисты,2024-11-22
7155,Таксисты,2024-12-09
7156,Мастера услуг,2025-01-09
7157,Курьеры,2024-08-27
7158,Курьеры,2024-09-13
7159,Фрилансеры,2024-12-26
7160,Мастера услуг,2024-10-15
7161,Фрилансеры,2025-01-18
7162,Фрилансеры,2024-12-06
7163,Таксисты,2024-11-10
7164,Курьеры,2024-10-16
7165,Таксисты,2024-12-01
7166,Фрилансеры,2024-11-04
7167,Мастера услуг,2024-10-09
7168,Курьеры,2024-08-17
7169,Фрилансеры,2024-11-30
7170,Фрилансеры,2024-09-08
7171,Курьеры,2024-12-31
7172,Таксисты,2024-10-21
7173,Фрилансеры,2024-09-28
7174,Курьеры,2024-10-08
7175,Таксисты,2024-10-19
7176,Мастера услуг,2024-12-30
7177,Курьеры,2024-08-16
7178,Курьеры,2024-11-22
7179,Мастера услуг,2025-01-15
7180,Мастера услуг,2024-09-07
7181,Мастера услуг,2024-10-18
7182,Фрилансеры,2024-10-22
7183,Мастера услуг,2024-08-01
7184,Фрилансеры,2024-08-31
7185,Курьеры,2025-01-21
7186,Мастера услуг,2024-09-02
7187,Курьеры,2024-08-30
7188,Курьеры,2024-09-15
7189,Курьеры,2024-12-27
7190,Фрилансеры,2024-09-05
7191,Фрилансеры,2024-08-17
7192,Курьеры,2024-09-18
7193,Таксисты,2024-10-02
7194,Фрилансеры,2024-09-29
7195,Мастера услуг,2024-12-16
7196,Фрилансеры,2024-09-19
7197,Мастера услуг,2024-12-27
7198,Мастера услуг,2024-09-02
7199,Мастера услуг,2024-09-14
7200,Мастера услуг,2024-08-07
7201,Таксисты,2024-12-18
7202,Мастера услуг,2024-12-15
7203,Фрилансеры,2024-11-05
7204,Фрилансеры,2024-09-23
7205,Курьеры,2024-09-08
7206,Курьеры,2024-10-15
7207,Мастера услуг,2024-11-28
7208,Курьеры,2024-12-08
7209,Мастера услуг,2024-12-24
7210,Курьеры,2024-08-12
7211,Курьеры,2024-08-05
7212,Курьеры,2024-12-18
7213,Курьеры,2024-09-12
7214,Мастера услуг,2024-09-21
7215,Курьеры,2024-09-24
7216,Мастера услуг,2024-09-27
7217,Таксисты,2024-12-06
7218,Курьеры,2024-11-08
7219,Таксисты,2024-11-07
7220,Фрилансеры,2024-11-20
7221,Мастера услуг,2024-08-29
7222,Курьеры,2024-10-22
7223,Фрилансеры,2024-10-25
7224,Таксисты,2024-12-29
7225,Таксисты,2024-12-16
7226,Мастера услуг,2024-08-12
7227,Фрилансеры,2024-12-12
7228,Курьеры,2024-10-17
7229,Курьеры,2024-12-06
7230,Курьеры,2024-09-24
7231,Таксисты,2024-08-30
7232,Курьеры,2024-10-09
7233,Таксисты,2025-01-08
7234,Таксисты,2024-12-25
7235,Таксисты,2024-11-10
7236,Таксисты,2025-01-10
7237,Курьеры,2024-08-07
7238,Курьеры,2024-11-02
7239,Курьеры,2024-12-13
7240,Мастера услуг,2024-11-19
7241,Мастера услуг,2024-12-16
7242,Курьеры,2024-10-14
7243,Мастера услуг,2024-09-05
7244,Таксисты,2024-12-26
7245,Фрилансеры,2024-11-20
7246,Фрилансеры,2024-12-04
7247,Фрилансеры,2024-12-31
7248,Фрилансеры,2024-12-16
7249,Таксисты,2024-12-12
7250,Таксисты,2024-10-31
7251,Фрилансеры,2024-11-07
7252,Курьеры,2024-11-09
7253,Мастера услуг,2025-01-17
7254,Мастера услуг,2024-10-13
7255,Таксисты,2024-10-03
7256,Мастера услуг,2024-11-02
7257,Мастера услуг,2024-11-29
7258,Фрилансеры,2024-10-03
7259,Мастера услуг,2025-01-15
7260,Курьеры,2024-12-02
7261,Курьеры,2024-11-27
7262,Таксисты,2024-11-16
7263,Мастера услуг,2024-11-29
7264,Курьеры,2025-01-23
7265,Таксисты,2024-09-03
7266,Мастера услуг,2024-12-12
7267,Мастера услуг,2024-11-06
7268,Курьеры,2024-08-18
7269,Фрилансеры,2024-12-09
7270,Таксисты,2024-10-14
7271,Таксисты,2024-10-07
7272,Мастера услуг,2024-08-09
7273,Курьеры,2024-11-13
7274,Таксисты,2024-09-05
7275,Мастера услуг,2024-09-10
7276,Курьеры,2024-09-09
7277,Таксисты,2024-09-13
7278,Таксисты,2024-08-12
7279,Таксисты,2024-10-26
7280,Таксисты,2024-12-20
7281,Мастера услуг,2024-09-22
7282,Мастера услуг,2024-12-23
7283,Мастера услуг,2024-10-07
7284,Фрилансеры,2025-01-27
7285,Мастера услуг,2024-09-04
7286,Мастера услуг,2024-12-15
7287,Таксисты,2024-12-26
7288,Мастера услуг,2024-09-19
7289,Таксисты,2025-01-07
7290,Курьеры,2024-10-16
7291,Мастера услуг,2024-10-09
7292,Мастера услуг,2024-11-03
7293,Мастера услуг,2025-01-11
7294,Таксисты,2024-12-24
7295,Курьеры,2025-01-03
7296,Таксисты,2024-10-28
7297,Таксисты,2024-09-02
7298,Мастера услуг,2024-12-15
7299,Курьеры,2024-11-06
7300,Фрилансеры,2024-09-10
7301,Курьеры,2024-08-23
7302,Таксисты,2024-09-11
7303,Курьеры,2024-08-13
7304,Таксисты,2024-09-06
7305,Фрилансеры,2024-08-16
7306,Мастера услуг,2024-09-09
7307,Фрилансеры,2024-12-22
7308,Курьеры,2024-11-06
7309,Курьеры,2025-01-07
7310,Курьеры,2024-12-02
7311,Курьеры,2024-08-06
7312,Таксисты,2024-09-03
7313,Таксисты,2024-08-17
7314,Мастера услуг,2024-10-02
7315,Мастера услуг,2024-11-10
7316,Фрилансеры,2024-09-22
7317,Курьеры,2024-12-18
7318,Фрилансеры,2024-10-07
7319,Фрилансеры,2024-09-03
7320,Мастера услуг,2024-08-26
7321,Фрилансеры,2025-01-12
7322,Таксисты,2024-11-11
7323,Таксисты,2024-12-11
7324,Курьеры,2025-01-15
7325,Мастера услуг,2024-09-30
7326,Курьеры,2024-09-24
7327,Фрилансеры,2024-08-31
7328,Фрилансеры,2024-12-22
7329,Мастера услуг,2024-10-16
7330,Фрилансеры,2024-09-02
7331,Мастера услуг,2024-09-08
7332,Таксисты,2024-12-23
7333,Таксисты,2024-08-06
7334,Мастера услуг,2024-10-18
7335,Таксисты,2024-10-16
7336,Курьеры,2024-08-25
7337,Таксисты,2024-08-13
7338,Фрилансеры,2025-01-21
7339,Фрилансеры,2024-08-25
7340,Курьеры,2025-01-18
7341,Фрилансеры,2024-08-17
7342,Мастера услуг,2025-01-08
7343,Курьеры,2025-01-07
7344,Таксисты,2024-12-07
7345,Таксисты,2024-09-21
7346,Мастера услуг,2024-11-07
7347,Мастера услуг,2024-11-16
7348,Фрилансеры,2025-01-03
7349,Курьеры,2024-12-07
7350,Мастера услуг,2024-09-05
7351,Мастера услуг,2024-12-19
7352,Мастера услуг,2025-01-03
7353,Мастера услуг,2024-09-25
7354,Курьеры,2024-09-18
7355,Фрилансеры,2024-11-13
7356,Курьеры,2025-01-08
7357,Мастера услуг,2024-10-06
7358,Фрилансеры,2024-08-09
7359,Мастера услуг,2025-01-13
7360,Мастера услуг,2024-10-14
7361,Курьеры,2024-11-04
7362,Курьеры,2024-08-07
7363,Таксисты,2025-01-05
7364,Мастера услуг,2024-08-13
7365,Курьеры,2024-12-01
7366,Фрилансеры,2024-11-07
7367,Фрилансеры,2024-08-23
7368,Мастера услуг,2024-11-30
7369,Фрилансеры,2024-11-28
7370,Фрилансеры,2024-08-18
7371,Курьеры,2024-12-29
7372,Таксисты,2024-10-03
7373,Мастера услуг,2024-10-11
7374,Курьеры,2024-12-17
7375,Мастера услуг,2024-09-30
7376,Фрилансеры,2025-01-27
7377,Таксисты,2024-09-06
7378,Мастера услуг,2024-12-06
7379,Фрилансеры,2024-11-28
7380,Курьеры,2024-11-25
7381,Курьеры,2025-01-09
7382,Мастера услуг,2024-09-10
7383,Мастера услуг,2024-09-26
7384,Таксисты,2024-09-14
7385,Таксисты,2024-10-07
7386,Таксисты,2024-12-12
7387,Курьеры,2024-12-11
7388,Таксисты,2024-08-31
7389,Мастера услуг,2024-08-09
7390,Мастера услуг,2024-09-23
7391,Курьеры,2024-10-11
7392,Мастера услуг,2024-12-22
7393,Курьеры,2024-12-10
7394,Таксисты,2025-01-27
7395,Таксисты,2024-11-27
7396,Курьеры,2024-11-02
7397,Фрилансеры,2024-10-20
7398,Таксисты,2024-12-21
7399,Фрилансеры,2024-10-03
7400,Курьеры,2025-01-15
7401,Мастера услуг,2024-08-11
7402,Мастера услуг,2024-08-05
7403,Фрилансеры,2024-10-28
7404,Таксисты,2024-08-31
7405,Таксисты,2024-12-26
7406,Курьеры,2024-08-18
7407,Фрилансеры,2025-01-24
7408,Таксисты,2024-09-30
7409,Курьеры,2024-12-15
7410,Мастера услуг,2024-12-20
7411,Таксисты,2024-10-10
7412,Таксисты,2024-08-22
7413,Мастера услуг,2024-08-21
7414,Курьеры,2025-01-02
7415,Фрилансеры,2024-10-16
7416,Фрилансеры,2024-12-24
7417,Фрилансеры,2024-11-01
7418,Курьеры,2025-01-07
7419,Фрилансеры,2024-09-06
7420,Таксисты,2024-10-29
7421,Мастера услуг,2024-09-09
7422,Таксисты,2024-11-03
7423,Таксисты,2024-09-13
7424,Фрилансеры,2024-08-27
7425,Мастера услуг,2024-09-07
7426,Курьеры,2024-10-12
7427,Курьеры,2025-01-17
7428,Курьеры,2024-09-11
7429,Курьеры,2024-09-18
7430,Таксисты,2024-11-25
7431,Мастера услуг,2025-01-01
7432,Курьеры,2024-08-29
7433,Таксисты,2024-09-07
7434,Курьеры,2024-09-20
7435,Фрилансеры,2024-12-08
7436,Таксисты,2025-01-10
7437,Таксисты,2024-09-10
7438,Таксисты,2024-10-21
7439,Фрилансеры,2025-01-07
7440,Мастера услуг,2024-08-21
7441,Таксисты,2024-10-06
7442,Мастера услуг,2025-01-14
7443,Курьеры,2025-01-15
7444,Курьеры,2024-08-29
7445,Мастера услуг,2025-01-26
7446,Курьеры,2024-08-30
7447,Фрилансеры,2025-01-11
7448,Курьеры,2024-10-15
7449,Курьеры,2024-12-23
7450,Мастера услуг,2025-01-08
7451,Курьеры,2024-09-07
7452,Мастера услуг,2024-12-20
7453,Мастера услуг,2024-09-29
7454,Таксисты,2024-08-13
7455,Курьеры,2024-12-15
7456,Таксисты,2024-09-26
7457,Таксисты,2024-10-05
7458,Фрилансеры,2024-08-22
7459,Фрилансеры,2024-09-12
7460,Мастера услуг,2025-01-07
7461,Курьеры,2024-10-14
7462,Курьеры,2024-08-18
7463,Мастера услуг,2025-01-24
7464,Фрилансеры,2024-09-15
7465,Мастера услуг,2025-01-22
7466,Курьеры,2024-10-31
7467,Фрилансеры,2024-10-02
7468,Фрилансеры,2025-01-27
7469,Таксисты,2024-11-10
7470,Мастера услуг,2024-09-23
7471,Курьеры,2024-12-09
7472,Курьеры,2024-11-27
7473,Курьеры,2024-09-16
7474,Фрилансеры,2024-08-01
7475,Курьеры,2024-12-20
7476,Мастера услуг,2024-10-25
7477,Курьеры,2024-10-21
7478,Мастера услуг,2024-11-11
7479,Фрилансеры,2024-10-10
7480,Курьеры,2024-12-13
7481,Курьеры,2024-09-27
7482,Фрилансеры,2024-10-10
7483,Курьеры,2024-08-05
7484,Таксисты,2024-09-24
7485,Мастера услуг,2024-11-08
7486,Мастера услуг,2024-09-13
7487,Курьеры,2024-12-31
7488,Мастера услуг,2024-10-19
7489,Курьеры,2024-11-10
7490,Курьеры,2024-11-01
7491,Таксисты,2024-08-13
7492,Таксисты,2024-09-17
7493,Курьеры,2024-11-25
7494,Курьеры,2024-09-24
7495,Фрилансеры,2024-09-07
7496,Мастера услуг,2024-12-08
7497,Мастера услуг,2024-09-28
7498,Мастера услуг,2024-09-04
7499,Курьеры,2024-11-04
7500,Фрилансеры,2025-01-24
7501,Курьеры,2024-08-07
7502,Фрилансеры,2024-10-06
7503,Фрилансеры,2024-10-03
7504,Мастера услуг,2024-09-11
7505,Курьеры,2024-12-17
7506,Курьеры,2025-01-26
7507,Фрилансеры,2024-11-26
7508,Курьеры,2024-08-03
7509,Курьеры,2024-12-17
7510,Таксисты,2024-12-19
7511,Фрилансеры,2024-09-09
7512,Курьеры,2024-09-04
7513,Таксисты,2024-11-27
7514,Мастера услуг,2024-10-23
7515,Таксисты,2024-10-17
7516,Фрилансеры,2024-09-20
7517,Курьеры,2024-08-01
7518,Мастера услуг,2024-08-07
7519,Фрилансеры,2024-10-30
7520,Курьеры,2024-11-10
7521,Курьеры,2024-10-30
7522,Курьеры,2024-11-18
7523,Фрилансеры,2024-08-08
7524,Мастера услуг,2024-12-28
7525,Курьеры,2024-08-18
7526,Мастера услуг,2024-10-03
7527,Таксисты,2025-01-01
7528,Фрилансеры,2025-01-03
7529,Курьеры,2024-09-16
7530,Курьеры,2024-08-23
7531,Курьеры,2024-10-25
7532,Фрилансеры,2024-10-16
7533,Курьеры,2024-12-13
7534,Фрилансеры,2024-09-17
7535,Фрилансеры,2024-10-03
7536,Таксисты,2024-12-05
7537,Курьеры,2024-12-01
7538,Фрилансеры,2024-12-03
7539,Таксисты,2024-11-28
7540,Курьеры,2024-11-08
7541,Мастера услуг,2024-11-10
7542,Мастера услуг,2024-08-29
7543,Мастера услуг,2025-01-26
7544,Фрилансеры,2024-12-09
7545,Фрилансеры,2024-10-12
7546,Фрилансеры,2025-01-22
7547,Таксисты,2024-08-05
7548,Мастера услуг,2024-12-31
7549,Таксисты,2024-12-10
7550,Мастера услуг,2024-11-12
7551,Курьеры,2024-11-19
7552,Курьеры,2024-11-15
7553,Фрилансеры,2024-08-08
7554,Курьеры,2024-12-27
7555,Фрилансеры,2024-10-24
7556,Таксисты,2024-12-08
7557,Фрилансеры,2024-11-03
7558,Курьеры,2025-01-23
7559,Фрилансеры,2025-01-19
7560,Мастера услуг,2024-09-02
7561,Курьеры,2024-08-04
7562,Курьеры,2025-01-25
7563,Фрилансеры,2025-01-11
7564,Курьеры,2024-09-28
7565,Таксисты,2024-09-05
7566,Таксисты,2024-11-18
7567,Мастера услуг,2025-01-10
7568,Курьеры,2024-10-01
7569,Курьеры,2024-08-17
7570,Фрилансеры,2024-10-26
7571,Мастера услуг,2024-12-13
7572,Фрилансеры,2024-08-02
7573,Курьеры,2024-12-06
7574,Мастера услуг,2024-08-27
7575,Мастера услуг,2024-10-31
7576,Таксисты,2024-10-02
7577,Курьеры,2025-01-14
7578,Курьеры,2025-01-18
7579,Фрилансеры,2024-12-11
7580,Фрилансеры,2025-01-21
7581,Курьеры,2024-09-25
7582,Курьеры,2024-09-01
7583,Курьеры,2024-11-10
7584,Фрилансеры,2024-09-17
7585,Фрилансеры,2025-01-12
7586,Курьеры,2024-08-02
7587,Таксисты,2024-12-24
7588,Фрилансеры,2024-11-13
7589,Курьеры,2024-10-05
7590,Фрилансеры,2024-11-17
7591,Курьеры,2025-01-12
7592,Мастера услуг,2024-11-18
7593,Курьеры,2024-09-20
7594,Таксисты,2024-09-27
7595,Курьеры,2024-12-09
7596,Мастера услуг,2024-11-04
7597,Курьеры,2024-10-04
7598,Таксисты,2024-12-11
7599,Таксисты,2024-10-14
7600,Фрилансеры,2024-12-10
7601,Курьеры,2024-08-04
7602,Курьеры,2024-10-07
7603,Мастера услуг,2024-10-23
7604,Фрилансеры,2024-10-20
7605,Курьеры,2024-10-24
7606,Мастера услуг,2024-09-17
7607,Курьеры,2024-08-05
7608,Мастера услуг,2024-12-04
7609,Фрилансеры,2024-12-27
7610,Мастера услуг,2024-10-25
7611,Курьеры,2024-10-22
7612,Мастера услуг,2024-10-01
7613,Фрилансеры,2025-01-15
7614,Мастера услуг,2024-08-20
7615,Фрилансеры,2024-09-23
7616,Курьеры,2024-12-26
7617,Фрилансеры,2024-09-02
7618,Таксисты,2024-12-12
7619,Курьеры,2024-11-29
7620,Курьеры,2024-11-27
7621,Курьеры,2024-10-13
7622,Курьеры,2024-09-10
7623,Мастера услуг,2024-11-18
7624,Фрилансеры,2024-09-02
7625,Курьеры,2024-11-10
7626,Таксисты,2024-12-24
7627,Мастера услуг,2024-11-24
7628,Фрилансеры,2024-09-21
7629,Курьеры,2024-08-04
7630,Мастера услуг,2024-10-14
7631,Мастера услуг,2024-09-06
7632,Курьеры,2025-01-22
7633,Мастера услуг,2025-01-08
7634,Фрилансеры,2024-09-30
7635,Фрилансеры,2024-10-10
7636,Курьеры,2025-01-24
7637,Таксисты,2024-09-21
7638,Мастера услуг,2024-10-13
7639,Курьеры,2024-08-14
7640,Фрилансеры,2024-09-17
7641,Таксисты,2024-08-03
7642,Мастера услуг,2025-01-26
7643,Курьеры,2024-10-29
7644,Мастера услуг,2024-10-15
7645,Курьеры,2024-08-15
7646,Курьеры,2024-11-01
7647,Фрилансеры,2025-01-12
7648,Мастера услуг,2025-01-15
7649,Курьеры,2024-10-03
7650,Фрилансеры,2024-08-13
7651,Фрилансеры,2024-10-15
7652,Курьеры,2024-10-12
7653,Таксисты,2024-09-22
7654,Курьеры,2024-08-29
7655,Фрилансеры,2024-11-17
7656,Фрилансеры,2024-12-18
7657,Фрилансеры,2024-11-13
7658,Курьеры,2025-01-01
7659,Курьеры,2024-09-28
7660,Фрилансеры,2025-01-25
7661,Мастера услуг,2024-10-22
7662,Мастера услуг,2024-10-07
7663,Курьеры,2024-09-18
7664,Курьеры,2024-10-02
7665,Таксисты,2024-11-01
7666,Курьеры,2025-01-23
7667,Мастера услуг,2024-11-01
7668,Фрилансеры,2024-11-11
7669,Фрилансеры,2024-09-20
7670,Мастера услуг,2024-08-13
7671,Фрилансеры,2025-01-23
7672,Таксисты,2024-11-02
7673,Таксисты,2024-12-23
7674,Курьеры,2024-08-06
7675,Курьеры,2024-10-18
7676,Курьеры,2025-01-26
7677,Фрилансеры,2025-01-04
7678,Мастера услуг,2024-08-09
7679,Курьеры,2024-09-28
7680,Фрилансеры,2024-10-18
7681,Мастера услуг,2024-11-01
7682,Мастера услуг,2024-09-19
7683,Таксисты,2024-08-08
7684,Мастера услуг,2024-10-22
7685,Фрилансеры,2024-10-24
7686,Курьеры,2024-08-30
7687,Мастера услуг,2025-01-14
7688,Таксисты,2024-10-30
7689,Курьеры,2024-12-16
7690,Таксисты,2024-10-15
7691,Курьеры,2024-10-07
7692,Таксисты,2024-11-27
7693,Мастера услуг,2025-01-04
7694,Курьеры,2025-01-20
7695,Курьеры,2024-08-04
7696,Мастера услуг,2024-12-10
7697,Фрилансеры,2024-10-03
7698,Таксисты,2025-01-09
7699,Фрилансеры,2024-09-04
7700,Фрилансеры,2024-12-07
7701,Фрилансеры,2024-10-11
7702,Фрилансеры,2024-09-04
7703,Мастера услуг,2024-12-24
7704,Курьеры,2025-01-16
7705,Курьеры,2025-01-19
7706,Таксисты,2024-11-23
7707,Курьеры,2024-11-23
7708,Таксисты,2024-12-25
7709,Таксисты,2024-11-21
7710,Мастера услуг,2024-12-08
7711,Курьеры,2024-08-20
7712,Мастера услуг,2024-12-15
7713,Мастера услуг,2024-09-25
7714,Таксисты,2024-10-20
7715,Мастера услуг,2025-01-15
7716,Курьеры,2024-10-30
7717,Мастера услуг,2025-01-21
7718,Фрилансеры,2024-12-02
7719,Таксисты,2025-01-19
7720,Мастера услуг,2024-12-07
7721,Мастера услуг,2024-11-01
7722,Курьеры,2024-12-29
7723,Таксисты,2024-11-29
7724,Курьеры,2024-09-26
7725,Мастера услуг,2024-12-25
7726,Фрилансеры,2024-12-26
7727,Курьеры,2024-08-11
7728,Мастера услуг,2024-10-27
7729,Курьеры,2024-08-16
7730,Курьеры,2024-09-29
7731,Фрилансеры,2024-10-13
7732,Мастера услуг,2024-08-06
7733,Мастера услуг,2024-09-09
7734,Курьеры,2024-10-11
7735,Мастера услуг,2024-10-28
7736,Таксисты,2024-11-06
7737,Таксисты,2024-12-15
7738,Мастера услуг,2024-08-11
7739,Мастера услуг,2024-08-20
7740,Таксисты,2024-12-31
7741,Таксисты,2024-10-11
7742,Мастера услуг,2024-09-29
7743,Мастера услуг,2024-09-18
7744,Мастера услуг,2024-08-26
7745,Курьеры,2025-01-04
7746,Мастера услуг,2024-09-04
7747,Таксисты,2024-08-09
7748,Курьеры,2024-08-20
7749,Курьеры,2024-11-25
7750,Мастера услуг,2024-10-11
7751,Курьеры,2024-12-30
7752,Курьеры,2024-11-17
7753,Курьеры,2025-01-17
7754,Таксисты,2024-11-03
7755,Курьеры,2024-08-27
7756,Мастера услуг,2024-11-09
7757,Курьеры,2024-09-07
7758,Таксисты,2024-12-20
7759,Курьеры,2024-09-05
7760,Фрилансеры,2024-11-17
7761,Курьеры,2025-01-09
7762,Курьеры,2025-01-05
7763,Курьеры,2024-11-28
7764,Таксисты,2024-08-14
7765,Мастера услуг,2024-08-04
7766,Таксисты,2024-12-16
7767,Курьеры,2024-08-26
7768,Мастера услуг,2024-11-11
7769,Мастера услуг,2024-08-07
7770,Мастера услуг,2025-01-03
7771,Таксисты,2024-08-26
7772,Мастера услуг,2025-01-05
7773,Фрилансеры,2024-10-29
7774,Курьеры,2024-11-17
7775,Мастера услуг,2025-01-10
7776,Мастера услуг,2024-10-21
7777,Таксисты,2024-08-10
7778,Курьеры,2024-08-02
7779,Фрилансеры,2025-01-06
7780,Мастера услуг,2024-08-12
7781,Курьеры,2024-08-05
7782,Курьеры,2025-01-03
7783,Мастера услуг,2024-12-23
7784,Фрилансеры,2024-10-17
7785,Фрилансеры,2024-09-30
7786,Фрилансеры,2024-12-18
7787,Фрилансеры,2024-12-02
7788,Мастера услуг,2024-12-25
7789,Мастера услуг,2024-08-14
7790,Мастера услуг,2024-11-18
7791,Курьеры,2024-12-15
7792,Курьеры,2025-01-11
7793,Фрилансеры,2024-10-05
7794,Фрилансеры,2024-09-19
7795,Мастера услуг,2024-12-29
7796,Курьеры,2024-12-08
7797,Курьеры,2024-12-30
7798,Таксисты,2024-09-09
7799,Фрилансеры,2024-08-14
7800,Курьеры,2024-09-12
7801,Курьеры,2024-09-14
7802,Мастера услуг,2024-12-23
7803,Таксисты,2024-08-14
7804,Курьеры,2024-08-12
7805,Таксисты,2024-11-15
7806,Таксисты,2024-11-03
7807,Мастера услуг,2024-12-19
7808,Фрилансеры,2025-01-06
7809,Курьеры,2024-12-27
7810,Таксисты,2025-01-05
7811,Мастера услуг,2024-12-23
7812,Таксисты,2024-11-21
7813,Курьеры,2024-12-25
7814,Мастера услуг,2025-01-17
7815,Мастера услуг,2024-11-20
7816,Таксисты,2024-10-24
7817,Мастера услуг,2024-10-15
7818,Курьеры,2024-12-17
7819,Мастера услуг,2024-09-15
7820,Курьеры,2024-11-29
7821,Мастера услуг,2024-12-19
7822,Мастера услуг,2025-01-14
7823,Таксисты,2024-10-31
7824,Курьеры,2024-11-21
7825,Курьеры,2024-11-18
7826,Курьеры,2024-10-14
7827,Таксисты,2025-01-15
7828,Таксисты,2024-11-03
7829,Курьеры,2024-09-22
7830,Мастера услуг,2024-10-03
7831,Таксисты,2024-11-04
7832,Мастера услуг,2025-01-06
7833,Курьеры,2024-12-24
7834,Курьеры,2025-01-11
7835,Курьеры,2024-12-30
7836,Фрилансеры,2024-09-18
7837,Таксисты,2024-11-15
7838,Таксисты,2024-08-05
7839,Курьеры,2024-09-12
7840,Курьеры,2024-09-22
7841,Мастера услуг,2024-12-06
7842,Мастера услуг,2024-10-22
7843,Таксисты,2024-12-14
7844,Таксисты,2024-09-27
7845,Фрилансеры,2025-01-27
7846,Курьеры,2025-01-06
7847,Мастера услуг,2025-01-26
7848,Курьеры,2024-12-11
7849,Таксисты,2024-10-17
7850,Курьеры,2024-08-03
7851,Фрилансеры,2024-08-30
7852,Фрилансеры,2024-11-30
7853,Фрилансеры,2024-10-18
7854,Таксисты,2024-09-03
7855,Фрилансеры,2025-01-15
7856,Курьеры,2024-08-09
7857,Фрилансеры,2024-10-13
7858,Курьеры,2024-10-21
7859,Курьеры,2024-09-10
7860,Мастера услуг,2024-09-30
7861,Мастера услуг,2024-10-21
7862,Курьеры,2024-09-27
7863,Мастера услуг,2024-12-26
7864,Таксисты,2024-08-16
7865,Мастера услуг,2025-01-16
7866,Мастера услуг,2024-11-07
7867,Мастера услуг,2024-11-12
7868,Фрилансеры,2024-08-01
7869,Мастера услуг,2024-12-27
7870,Курьеры,2024-12-18
7871,Мастера услуг,2025-01-01
7872,Фрилансеры,2024-08-16
7873,Курьеры,2025-01-02
7874,Таксисты,2024-08-05
7875,Курьеры,2024-10-11
7876,Фрилансеры,2024-09-06
7877,Фрилансеры,2024-09-09
7878,Таксисты,2024-08-07
7879,Фрилансеры,2024-12-20
7880,Мастера услуг,2024-11-14
7881,Мастера услуг,2024-09-23
7882,Мастера услуг,2024-10-03
7883,Мастера услуг,2025-01-07
7884,Таксисты,2024-08-13
7885,Фрилансеры,2024-08-17
7886,Таксисты,2024-10-31
7887,Мастера услуг,2024-09-18
7888,Мастера услуг,2024-08-21
7889,Мастера услуг,2024-08-05
7890,Курьеры,2024-10-04
7891,Фрилансеры,2024-09-11
7892,Курьеры,2024-11-19
7893,Мастера услуг,2024-09-17
7894,Курьеры,2025-01-20
7895,Мастера услуг,2024-12-05
7896,Мастера услуг,2024-12-04
7897,Мастера услуг,2025-01-22
7898,Таксисты,2024-09-19
7899,Мастера услуг,2024-12-23
7900,Таксисты,2024-11-02
7901,Фрилансеры,2024-09-10
7902,Курьеры,2024-12-28
7903,Курьеры,2024-12-28
7904,Курьеры,2024-11-14
7905,Курьеры,2024-10-24
7906,Таксисты,2024-11-25
7907,Курьеры,2024-08-03
7908,Таксисты,2024-11-25
7909,Курьеры,2024-10-14
7910,Курьеры,2024-11-17
7911,Фрилансеры,2024-08-29
7912,Курьеры,2024-12-05
7913,Фрилансеры,2024-09-09
7914,Мастера услуг,2024-08-31
7915,Фрилансеры,2024-11-17
7916,Таксисты,2024-08-09
7917,Фрилансеры,2024-09-26
7918,Курьеры,2024-09-30
7919,Мастера услуг,2024-10-18
7920,Таксисты,2024-11-01
7921,Фрилансеры,2024-08-26
7922,Курьеры,2024-08-03
7923,Курьеры,2024-12-05
7924,Таксисты,2024-09-17
7925,Таксисты,2024-12-27
7926,Курьеры,2024-10-17
7927,Фрилансеры,2024-11-11
7928,Фрилансеры,2025-01-05
7929,Курьеры,2024-08-23
7930,Курьеры,2024-10-17
7931,Курьеры,2024-11-13
7932,Фрилансеры,2024-08-21
7933,Фрилансеры,2025-01-09
7934,Фрилансеры,2024-08-02
7935,Мастера услуг,2024-12-26
7936,Таксисты,2024-11-20
7937,Мастера услуг,2024-08-05
7938,Фрилансеры,2024-08-11
7939,Таксисты,2024-10-22
7940,Фрилансеры,2024-12-08
7941,Таксисты,2024-11-22
7942,Таксисты,2024-11-19
7943,Курьеры,2024-11-22
7944,Курьеры,2024-11-05
7945,Мастера услуг,2024-09-11
7946,Мастера услуг,2024-10-21
7947,Фрилансеры,2025-01-02
7948,Мастера услуг,2024-08-06
7949,Фрилансеры,2024-09-27
7950,Мастера услуг,2024-09-30
7951,Фрилансеры,2024-09-06
7952,Курьеры,2025-01-03
7953,Фрилансеры,2024-08-04
7954,Курьеры,2024-08-04
7955,Таксисты,2025-01-19
7956,Курьеры,2024-09-01
7957,Таксисты,2024-09-20
7958,Таксисты,2024-08-18
7959,Мастера услуг,2024-11-26
7960,Фрилансеры,2024-11-30
7961,Таксисты,2024-10-28
7962,Фрилансеры,2024-08-02
7963,Таксисты,2024-08-23
7964,Фрилансеры,2024-11-02
7965,Таксисты,2024-10-11
7966,Курьеры,2024-09-13
7967,Курьеры,2024-12-29
7968,Курьеры,2024-12-02
7969,Мастера услуг,2024-11-25
7970,Курьеры,2025-01-08
7971,Фрилансеры,2024-09-20
7972,Таксисты,2024-12-19
7973,Мастера услуг,2024-09-23
7974,Мастера услуг,2025-01-26
7975,Курьеры,2024-10-02
7976,Фрилансеры,2024-11-19
7977,Таксисты,2024-10-16
7978,Курьеры,2024-12-31
7979,Мастера услуг,2025-01-22
7980,Курьеры,2024-08-01
7981,Фрилансеры,2024-08-12
7982,Фрилансеры,2025-01-16
7983,Мастера услуг,2024-12-06
7984,Мастера услуг,2025-01-02
7985,Мастера услуг,2025-01-08
7986,Фрилансеры,2025-01-11
7987,Фрилансеры,2024-10-26
7988,Мастера услуг,2024-09-05
7989,Таксисты,2024-10-08
7990,Мастера услуг,2024-10-29
7991,Таксисты,2025-01-22
7992,Таксисты,2025-01-20
7993,Курьеры,2024-10-30
7994,Фрилансеры,2024-11-06
7995,Мастера услуг,2024-10-05
7996,Таксисты,2024-09-14
7997,Мастера услуг,2025-01-02
7998,Курьеры,2024-09-04
7999,Курьеры,2024-09-27
8000,Мастера услуг,2025-01-27
8001,Фрилансеры,2024-10-14
8002,Мастера услуг,2025-01-27
8003,Таксисты,2024-09-16
8004,Мастера услуг,2024-08-08
8005,Таксисты,2024-09-22
8006,Таксисты,2024-11-09
8007,Таксисты,2024-10-26
8008,Курьеры,2024-09-28
8009,Курьеры,2024-08-22
8010,Мастера услуг,2024-08-05
8011,Курьеры,2024-09-27
8012,Курьеры,2024-12-24
8013,Таксисты,2024-12-04
8014,Фрилансеры,2024-08-12
8015,Курьеры,2025-01-03
8016,Курьеры,2024-11-05
8017,Таксисты,2024-12-10
8018,Курьеры,2024-09-04
8019,Курьеры,2024-11-04
8020,Мастера услуг,2024-12-23
8021,Фрилансеры,2024-09-03
8022,Фрилансеры,2024-11-12
8023,Курьеры,2024-09-12
8024,Курьеры,2024-11-22
8025,Мастера услуг,2024-10-19
8026,Курьеры,2024-08-22
8027,Таксисты,2024-10-26
8028,Таксисты,2024-10-12
8029,Мастера услуг,2024-11-26
8030,Таксисты,2024-12-24
8031,Фрилансеры,2024-09-29
8032,Курьеры,2024-12-16
8033,Таксисты,2024-08-06
8034,Мастера услуг,2024-09-10
8035,Таксисты,2024-12-25
8036,Курьеры,2024-08-03
8037,Мастера услуг,2025-01-06
8038,Фрилансеры,2024-08-23
8039,Курьеры,2024-09-15
8040,Таксисты,2025-01-13
8041,Таксисты,2024-11-07
8042,Мастера услуг,2025-01-26
8043,Курьеры,2025-01-15
8044,Таксисты,2024-10-09
8045,Фрилансеры,2024-10-27
8046,Мастера услуг,2024-12-09
8047,Курьеры,2025-01-14
8048,Таксисты,2024-10-30
8049,Таксисты,2024-12-03
8050,Курьеры,2024-09-20
8051,Фрилансеры,2024-09-17
8052,Таксисты,2024-09-15
8053,Мастера услуг,2024-10-03
8054,Курьеры,2024-10-14
8055,Курьеры,2025-01-01
8056,Таксисты,2024-12-13
8057,Мастера услуг,2024-08-29
8058,Курьеры,2024-11-26
8059,Курьеры,2024-10-01
8060,Таксисты,2024-11-05
8061,Курьеры,2024-11-09
8062,Фрилансеры,2024-09-17
8063,Курьеры,2024-10-12
8064,Мастера услуг,2024-09-04
8065,Таксисты,2024-10-21
8066,Фрилансеры,2024-10-09
8067,Курьеры,2024-12-27
8068,Курьеры,2024-11-16
8069,Фрилансеры,2024-10-27
8070,Таксисты,2024-08-02
8071,Мастера услуг,2024-09-16
8072,Таксисты,2024-08-19
8073,Мастера услуг,2024-10-21
8074,Мастера услуг,2024-10-27
8075,Курьеры,2024-08-23
8076,Курьеры,2024-11-22
8077,Фрилансеры,2024-09-04
8078,Фрилансеры,2025-01-02
8079,Курьеры,2024-10-09
8080,Курьеры,2024-11-18
8081,Курьеры,2024-08-02
8082,Курьеры,2024-08-08
8083,Фрилансеры,2024-10-24
8084,Мастера услуг,2024-11-18
8085,Курьеры,2024-08-06
8086,Курьеры,2024-08-18
8087,Курьеры,2025-01-14
8088,Курьеры,2024-11-14
8089,Курьеры,2024-11-24
8090,Курьеры,2024-11-23
8091,Фрилансеры,2024-12-25
8092,Таксисты,2025-01-25
8093,Фрилансеры,2025-01-21
8094,Курьеры,2024-10-06
8095,Курьеры,2024-09-08
8096,Фрилансеры,2024-09-07
8097,Таксисты,2024-12-28
8098,Мастера услуг,2024-10-09
8099,Таксисты,2024-12-18
8100,Курьеры,2024-12-23
8101,Курьеры,2024-08-20
8102,Таксисты,2024-12-05
8103,Мастера услуг,2025-01-25
8104,Курьеры,2024-10-01
8105,Таксисты,2024-08-23
8106,Фрилансеры,2024-12-20
8107,Мастера услуг,2024-09-19
8108,Таксисты,2024-10-29
8109,Таксисты,2024-11-13
8110,Мастера услуг,2024-12-25
8111,Курьеры,2025-01-17
8112,Курьеры,2024-10-29
8113,Таксисты,2024-08-30
8114,Курьеры,2024-12-27
8115,Курьеры,2024-12-13
8116,Мастера услуг,2024-12-23
8117,Мастера услуг,2024-12-31
8118,Курьеры,2025-01-07
8119,Мастера услуг,2024-08-18
8120,Фрилансеры,2024-11-14
8121,Мастера услуг,2025-01-20
8122,Мастера услуг,2024-10-31
8123,Таксисты,2024-09-04
8124,Таксисты,2024-10-04
8125,Мастера услуг,2024-10-23
8126,Мастера услуг,2024-12-02
8127,Фрилансеры,2024-08-07
8128,Курьеры,2024-10-24
8129,Курьеры,2024-08-11
8130,Курьеры,2024-09-25
8131,Фрилансеры,2025-01-07
8132,Курьеры,2024-10-01
8133,Курьеры,2024-12-23
8134,Курьеры,2024-08-16
8135,Курьеры,2024-08-31
8136,Таксисты,2024-08-31
8137,Курьеры,2024-11-24
8138,Таксисты,2024-12-11
8139,Фрилансеры,2024-11-12
8140,Курьеры,2024-11-29
8141,Фрилансеры,2024-08-15
8142,Курьеры,2024-09-28
8143,Таксисты,2024-12-10
8144,Таксисты,2024-10-04
8145,Фрилансеры,2024-11-08
8146,Фрилансеры,2024-11-27
8147,Курьеры,2024-08-14
8148,Фрилансеры,2025-01-26
8149,Таксисты,2024-11-15
8150,Курьеры,2024-12-27
8151,Фрилансеры,2024-08-02
8152,Курьеры,2024-10-03
8153,Фрилансеры,2024-09-02
8154,Курьеры,2024-10-10
8155,Курьеры,2024-11-20
8156,Курьеры,2024-10-07
8157,Курьеры,2024-12-21
8158,Курьеры,2024-08-27
8159,Таксисты,2024-12-14
8160,Мастера услуг,2024-10-27
8161,Таксисты,2024-11-07
8162,Фрилансеры,2024-10-22
8163,Курьеры,2025-01-16
8164,Фрилансеры,2024-11-27
8165,Курьеры,2024-12-06
8166,Фрилансеры,2025-01-07
8167,Курьеры,2025-01-11
8168,Курьеры,2024-08-26
8169,Мастера услуг,2024-09-28
8170,Фрилансеры,2024-09-26
8171,Курьеры,2024-11-22
8172,Курьеры,2024-12-28
8173,Таксисты,2024-09-02
8174,Курьеры,2024-11-01
8175,Курьеры,2024-11-11
8176,Фрилансеры,2024-10-04
8177,Мастера услуг,2024-10-26
8178,Таксисты,2024-08-07
8179,Курьеры,2024-09-01
8180,Таксисты,2024-10-26
8181,Мастера услуг,2024-12-02
8182,Курьеры,2024-08-08
8183,Курьеры,2024-12-27
8184,Мастера услуг,2024-08-14
8185,Курьеры,2024-10-08
8186,Мастера услуг,2024-12-16
8187,Мастера услуг,2024-08-14
8188,Курьеры,2024-09-21
8189,Мастера услуг,2024-10-18
8190,Таксисты,2024-12-31
8191,Фрилансеры,2024-09-17
8192,Мастера услуг,2024-09-05
8193,Мастера услуг,2024-10-24
8194,Таксисты,2024-09-15
8195,Фрилансеры,2024-11-08
8196,Курьеры,2025-01-09
8197,Таксисты,2024-12-14
8198,Мастера услуг,2024-09-19
8199,Курьеры,2024-09-21
8200,Мастера услуг,2024-09-06
8201,Таксисты,2024-10-15
8202,Фрилансеры,2024-12-20
8203,Курьеры,2025-01-11
8204,Фрилансеры,2024-12-20
8205,Курьеры,2024-09-28
8206,Курьеры,2024-11-20
8207,Мастера услуг,2024-08-18
8208,Мастера услуг,2024-11-06
8209,Мастера услуг,2025-01-01
8210,Фрилансеры,2024-10-25
8211,Курьеры,2024-10-16
8212,Курьеры,2025-01-24
8213,Фрилансеры,2024-08-17
8214,Таксисты,2024-08-25
8215,Курьеры,2024-09-02
8216,Таксисты,2024-08-06
8217,Таксисты,2024-09-11
8218,Фрилансеры,2024-08-16
8219,Фрилансеры,2024-12-05
8220,Таксисты,2024-11-05
8221,Фрилансеры,2024-08-18
8222,Курьеры,2024-12-22
8223,Курьеры,2024-08-31
8224,Курьеры,2025-01-07
8225,Мастера услуг,2024-09-17
8226,Таксисты,2024-09-10
8227,Таксисты,2025-01-20
8228,Фрилансеры,2025-01-15
8229,Курьеры,2024-10-25
8230,Фрилансеры,2024-11-05
8231,Фрилансеры,2024-12-19
8232,Фрилансеры,2024-10-05
8233,Таксисты,2025-01-09
8234,Курьеры,2024-10-11
8235,Таксисты,2024-08-01
8236,Курьеры,2025-01-26
8237,Мастера услуг,2024-10-13
8238,Курьеры,2024-12-18
8239,Фрилансеры,2024-08-18
8240,Фрилансеры,2025-01-24
8241,Курьеры,2025-01-19
8242,Таксисты,2024-08-24
8243,Курьеры,2024-11-04
8244,Курьеры,2025-01-21
8245,Мастера услуг,2024-08-02
8246,Фрилансеры,2024-08-08
8247,Мастера услуг,2024-12-08
8248,Курьеры,2025-01-25
8249,Мастера услуг,2024-11-16
8250,Курьеры,2024-09-03
8251,Курьеры,2025-01-02
8252,Фрилансеры,2024-10-27
8253,Курьеры,2024-10-13
8254,Курьеры,2024-12-12
8255,Фрилансеры,2024-10-07
8256,Фрилансеры,2025-01-24
8257,Таксисты,2024-12-16
8258,Фрилансеры,2024-08-04
8259,Курьеры,2025-01-04
8260,Фрилансеры,2024-09-11
8261,Курьеры,2024-11-11
8262,Курьеры,2024-09-02
8263,Фрилансеры,2024-10-17
8264,Фрилансеры,2024-10-29
8265,Мастера услуг,2024-08-05
8266,Фрилансеры,2024-11-04
8267,Фрилансеры,2024-09-05
8268,Мастера услуг,2024-08-23
8269,Фрилансеры,2024-08-19
8270,Мастера услуг,2025-01-17
8271,Мастера услуг,2024-10-11
8272,Фрилансеры,2024-10-21
8273,Курьеры,2024-12-23
8274,Фрилансеры,2024-11-01
8275,Фрилансеры,2025-01-06
8276,Таксисты,2024-08-14
8277,Курьеры,2025-01-04
8278,Мастера услуг,2025-01-19
8279,Курьеры,2025-01-02
8280,Курьеры,2024-08-08
8281,Фрилансеры,2024-10-17
8282,Фрилансеры,2024-10-12
8283,Таксисты,2025-01-13
8284,Фрилансеры,2024-08-20
8285,Мастера услуг,2024-11-15
8286,Мастера услуг,2024-12-19
8287,Таксисты,2024-08-22
8288,Курьеры,2024-10-08
8289,Курьеры,2024-08-06
8290,Мастера услуг,2025-01-05
8291,Курьеры,2024-12-06
8292,Фрилансеры,2024-10-29
8293,Мастера услуг,2024-10-07
8294,Таксисты,2025-01-01
8295,Таксисты,2024-08-15
8296,Таксисты,2024-09-24
8297,Курьеры,2024-10-20
8298,Мастера услуг,2025-01-16
8299,Таксисты,2025-01-26
8300,Мастера услуг,2024-09-01
8301,Курьеры,2024-08-28
8302,Фрилансеры,2024-08-12
8303,Курьеры,2024-08-28
8304,Курьеры,2024-11-17
8305,Курьеры,2024-09-28
8306,Фрилансеры,2025-01-16
8307,Курьеры,2024-08-27
8308,Таксисты,2025-01-08
8309,Мастера услуг,2024-08-27
8310,Таксисты,2024-12-01
8311,Мастера услуг,2025-01-03
8312,Таксисты,2024-10-02
8313,Фрилансеры,2024-08-20
8314,Курьеры,2024-10-16
8315,Мастера услуг,2024-12-10
8316,Фрилансеры,2025-01-03
8317,Мастера услуг,2024-09-27
8318,Фрилансеры,2024-10-05
8319,Курьеры,2024-10-06
8320,Фрилансеры,2024-08-30
8321,Курьеры,2025-01-21
8322,Курьеры,2025-01-24
8323,Таксисты,2024-09-15
8324,Фрилансеры,2025-01-09
8325,Таксисты,2024-08-19
8326,Фрилансеры,2024-09-14
8327,Фрилансеры,2025-01-01
8328,Курьеры,2024-08-01
8329,Мастера услуг,2024-09-05
8330,Курьеры,2025-01-08
8331,Фрилансеры,2024-09-26
8332,Таксисты,2024-11-07
8333,Курьеры,2024-11-09
8334,Таксисты,2024-08-31
8335,Курьеры,2024-11-15
8336,Фрилансеры,2024-10-22
8337,Курьеры,2025-01-27
8338,Курьеры,2024-09-22
8339,Таксисты,2024-11-06
8340,Курьеры,2025-01-15
8341,Фрилансеры,2024-09-05
8342,Таксисты,2024-12-06
8343,Фрилансеры,2024-11-15
8344,Курьеры,2025-01-08
8345,Курьеры,2024-08-02
8346,Курьеры,2024-08-09
8347,Фрилансеры,2024-11-23
8348,Курьеры,2024-12-09
8349,Мастера услуг,2024-10-10
8350,Таксисты,2024-09-14
8351,Таксисты,2024-10-15
8352,Мастера услуг,2024-10-20
8353,Мастера услуг,2024-09-16
8354,Курьеры,2024-08-29
8355,Курьеры,2024-09-22
8356,Курьеры,2024-08-30
8357,Таксисты,2024-08-24
8358,Курьеры,2024-12-13
8359,Курьеры,2024-11-29
8360,Мастера услуг,2024-08-05
8361,Таксисты,2024-09-23
8362,Мастера услуг,2024-11-25
8363,Фрилансеры,2025-01-25
8364,Таксисты,2024-10-27
8365,Мастера услуг,2024-11-11
8366,Таксисты,2024-10-03
8367,Мастера услуг,2024-08-19
8368,Мастера услуг,2024-08-31
8369,Фрилансеры,2024-10-19
8370,Фрилансеры,2024-12-05
8371,Мастера услуг,2024-08-27
8372,Фрилансеры,2024-11-25
8373,Мастера услуг,2024-08-13
8374,Курьеры,2024-12-02
8375,Фрилансеры,2024-09-08
8376,Мастера услуг,2024-08-19
8377,Фрилансеры,2024-12-28
8378,Таксисты,2024-08-29
8379,Таксисты,2024-08-09
8380,Курьеры,2024-11-10
8381,Фрилансеры,2024-08-10
8382,Таксисты,2024-12-06
8383,Курьеры,2024-11-17
8384,Таксисты,2024-12-29
8385,Таксисты,2024-12-11
8386,Курьеры,2024-12-09
8387,Фрилансеры,2024-12-21
8388,Фрилансеры,2024-09-20
8389,Курьеры,2024-09-13
8390,Фрилансеры,2024-12-30
8391,Таксисты,2024-09-21
8392,Курьеры,2025-01-23
8393,Мастера услуг,2024-08-21
8394,Курьеры,2024-10-16
8395,Курьеры,2024-11-08
8396,Курьеры,2024-11-04
8397,Фрилансеры,2024-09-18
8398,Мастера услуг,2024-09-03
8399,Мастера услуг,2024-09-12
8400,Фрилансеры,2024-08-04
8401,Таксисты,2024-12-11
8402,Мастера услуг,2024-10-25
8403,Курьеры,2024-09-24
8404,Фрилансеры,2024-12-15
8405,Таксисты,2024-09-11
8406,Таксисты,2024-08-03
8407,Курьеры,2024-10-01
8408,Курьеры,2024-10-24
8409,Мастера услуг,2025-01-18
8410,Таксисты,2024-10-05
8411,Фрилансеры,2024-12-15
8412,Курьеры,2024-10-09
8413,Мастера услуг,2024-08-13
8414,Курьеры,2024-09-03
8415,Курьеры,2025-01-14
8416,Мастера услуг,2024-10-19
8417,Курьеры,2024-10-28
8418,Курьеры,2024-09-16
8419,Фрилансеры,2024-10-17
8420,Фрилансеры,2025-01-15
8421,Таксисты,2024-08-29
8422,Таксисты,2024-12-29
8423,Таксисты,2024-09-30
8424,Курьеры,2024-09-08
8425,Таксисты,2024-09-06
8426,Курьеры,2024-11-18
8427,Курьеры,2024-08-15
8428,Таксисты,2024-08-18
8429,Таксисты,2024-10-13
8430,Фрилансеры,2024-12-16
8431,Таксисты,2024-10-05
8432,Курьеры,2024-10-03
8433,Таксисты,2024-08-13
8434,Фрилансеры,2024-10-25
8435,Фрилансеры,2024-09-19
8436,Курьеры,2024-12-17
8437,Курьеры,2024-12-19
8438,Мастера услуг,2024-08-21
8439,Курьеры,2024-12-22
8440,Курьеры,2025-01-23
8441,Мастера услуг,2025-01-02
8442,Курьеры,2024-12-30
8443,Таксисты,2024-10-13
8444,Мастера услуг,2024-10-27
8445,Мастера услуг,2024-09-03
8446,Таксисты,2025-01-24
8447,Таксисты,2024-10-27
8448,Таксисты,2024-08-09
8449,Курьеры,2024-11-24
8450,Фрилансеры,2024-08-13
8451,Таксисты,2024-11-27
8452,Фрилансеры,2024-08-03
8453,Курьеры,2025-01-11
8454,Мастера услуг,2024-12-14
8455,Курьеры,2024-11-12
8456,Курьеры,2024-10-17
8457,Таксисты,2024-10-30
8458,Фрилансеры,2024-11-20
8459,Курьеры,2024-09-01
8460,Курьеры,2024-12-19
8461,Курьеры,2024-08-19
8462,Мастера услуг,2024-12-21
8463,Мастера услуг,2024-08-16
8464,Фрилансеры,2024-08-20
8465,Курьеры,2024-12-17
8466,Фрилансеры,2024-12-10
8467,Фрилансеры,2024-08-02
8468,Фрилансеры,2024-11-22
8469,Мастера услуг,2024-08-16
8470,Таксисты,2024-09-06
8471,Таксисты,2024-10-26
8472,Мастера услуг,2025-01-24
8473,Таксисты,2024-10-22
8474,Фрилансеры,2024-09-30
8475,Таксисты,2024-09-30
8476,Таксисты,2024-08-16
8477,Таксисты,2024-10-05
8478,Мастера услуг,2024-12-24
8479,Курьеры,2024-11-02
8480,Мастера услуг,2024-09-02
8481,Фрилансеры,2024-08-17
8482,Таксисты,2025-01-02
8483,Таксисты,2024-10-02
8484,Мастера услуг,2024-08-16
8485,Мастера услуг,2024-11-15
8486,Таксисты,2024-08-31
8487,Таксисты,2025-01-01
8488,Курьеры,2024-10-25
8489,Мастера услуг,2024-11-04
8490,Курьеры,2024-08-04
8491,Мастера услуг,2024-12-04
8492,Курьеры,2024-09-15
8493,Фрилансеры,2024-09-19
8494,Курьеры,2025-01-18
8495,Таксисты,2024-09-21
8496,Мастера услуг,2024-11-28
8497,Мастера услуг,2024-12-17
8498,Фрилансеры,2025-01-19
8499,Фрилансеры,2025-01-19
8500,Мастера услуг,2024-09-24
8501,Курьеры,2024-09-14
8502,Мастера услуг,2024-08-18
8503,Курьеры,2024-08-17
8504,Курьеры,2024-10-03
8505,Мастера услуг,2024-12-07
8506,Курьеры,2024-10-24
8507,Мастера услуг,2025-01-09
8508,Таксисты,2024-09-15
8509,Мастера услуг,2024-12-14
8510,Мастера услуг,2025-01-16
8511,Мастера услуг,2024-09-23
8512,Курьеры,2024-12-22
8513,Таксисты,2024-09-06
8514,Курьеры,2024-09-02
8515,Мастера услуг,2024-11-25
8516,Фрилансеры,2024-09-24
8517,Фрилансеры,2025-01-08
8518,Мастера услуг,2024-11-04
8519,Таксисты,2024-11-27
8520,Таксисты,2024-12-26
8521,Фрилансеры,2025-01-09
8522,Курьеры,2024-09-02
8523,Мастера услуг,2024-09-16
8524,Фрилансеры,2024-08-19
8525,Курьеры,2024-10-21
8526,Курьеры,2024-08-18
8527,Мастера услуг,2024-10-12
8528,Фрилансеры,2025-01-27
8529,Курьеры,2024-10-19
8530,Курьеры,2024-09-26
8531,Мастера услуг,2024-08-03
8532,Таксисты,2024-12-31
8533,Таксисты,2024-08-31
8534,Таксисты,2024-10-30
8535,Таксисты,2025-01-01
8536,Фрилансеры,2024-08-18
8537,Мастера услуг,2024-10-24
8538,Фрилансеры,2024-11-04
8539,Мастера услуг,2025-01-19
8540,Фрилансеры,2024-12-17
8541,Курьеры,2025-01-06
8542,Мастера услуг,2024-11-22
8543,Фрилансеры,2024-08-10
8544,Таксисты,2024-08-30
8545,Курьеры,2024-08-22
8546,Фрилансеры,2025-01-17
8547,Курьеры,2024-08-23
8548,Курьеры,2024-10-31
8549,Фрилансеры,2025-01-23
8550,Таксисты,2024-12-03
8551,Фрилансеры,2024-10-21
8552,Мастера услуг,2024-12-17
8553,Мастера услуг,2024-12-19
8554,Фрилансеры,2024-08-31
8555,Таксисты,2024-08-13
8556,Мастера услуг,2024-08-12
8557,Мастера услуг,2024-09-20
8558,Фрилансеры,2024-09-29
8559,Фрилансеры,2024-08-13
8560,Курьеры,2024-08-27
8561,Фрилансеры,2024-08-15
8562,Курьеры,2024-09-03
8563,Таксисты,2024-10-29
8564,Таксисты,2024-12-24
8565,Курьеры,2025-01-02
8566,Таксисты,2024-10-02
8567,Таксисты,2024-10-01
8568,Мастера услуг,2024-08-18
8569,Курьеры,2024-11-15
8570,Курьеры,2024-09-07
8571,Фрилансеры,2024-12-17
8572,Мастера услуг,2024-09-10
8573,Курьеры,2024-10-30
8574,Курьеры,2024-11-27
8575,Курьеры,2025-01-06
8576,Таксисты,2024-08-20
8577,Курьеры,2025-01-12
8578,Мастера услуг,2025-01-21
8579,Фрилансеры,2024-11-15
8580,Мастера услуг,2024-11-24
8581,Курьеры,2024-12-14
8582,Мастера услуг,2024-08-29
8583,Курьеры,2024-11-16
8584,Таксисты,2024-08-27
8585,Мастера услуг,2024-09-03
8586,Мастера услуг,2024-09-27
8587,Курьеры,2024-11-08
8588,Фрилансеры,2024-08-02
8589,Курьеры,2024-12-25
8590,Фрилансеры,2024-08-26
8591,Курьеры,2024-10-09
8592,Таксисты,2024-08-22
8593,Курьеры,2024-08-26
8594,Таксисты,2025-01-25
8595,Мастера услуг,2024-12-16
8596,Мастера услуг,2025-01-16
8597,Мастера услуг,2024-11-20
8598,Курьеры,2024-12-24
8599,Таксисты,2025-01-14
8600,Курьеры,2024-10-13
8601,Фрилансеры,2024-11-28
8602,Фрилансеры,2025-01-10
8603,Фрилансеры,2025-01-05
8604,Таксисты,2024-11-20
8605,Таксисты,2025-01-13
8606,Мастера услуг,2024-11-08
8607,Таксисты,2024-12-12
8608,Фрилансеры,2025-01-01
8609,Мастера услуг,2024-08-14
8610,Фрилансеры,2024-10-05
8611,Фрилансеры,2024-08-05
8612,Курьеры,2024-08-19
8613,Таксисты,2024-09-29
8614,Мастера услуг,2024-09-09
8615,Курьеры,2024-10-28
8616,Таксисты,2024-11-21
8617,Курьеры,2025-01-07
8618,Фрилансеры,2024-08-05
8619,Фрилансеры,2024-10-18
8620,Таксисты,2024-10-04
8621,Таксисты,2024-08-12
8622,Курьеры,2024-08-03
8623,Фрилансеры,2024-09-18
8624,Таксисты,2024-10-12
8625,Курьеры,2024-11-04
8626,Мастера услуг,2024-11-29
8627,Таксисты,2024-12-14
8628,Мастера услуг,2024-08-26
8629,Курьеры,2024-08-08
8630,Курьеры,2024-09-04
8631,Фрилансеры,2024-11-22
8632,Курьеры,2024-11-28
8633,Фрилансеры,2024-10-04
8634,Мастера услуг,2024-08-20
8635,Фрилансеры,2024-10-27
8636,Таксисты,2024-11-18
8637,Таксисты,2024-11-27
8638,Курьеры,2024-12-17
8639,Мастера услуг,2024-10-04
8640,Мастера услуг,2025-01-15
8641,Фрилансеры,2025-01-01
8642,Мастера услуг,2024-09-18
8643,Фрилансеры,2024-09-23
8644,Курьеры,2024-11-16
8645,Мастера услуг,2024-09-06
8646,Таксисты,2024-12-16
8647,Фрилансеры,2024-08-28
8648,Курьеры,2024-11-11
8649,Мастера услуг,2024-12-03
8650,Курьеры,2024-08-22
8651,Курьеры,2025-01-22
8652,Таксисты,2024-10-11
8653,Курьеры,2025-01-23
8654,Мастера услуг,2024-08-25
8655,Мастера услуг,2024-11-25
8656,Мастера услуг,2025-01-11
8657,Таксисты,2024-11-18
8658,Таксисты,2024-11-15
8659,Мастера услуг,2024-11-12
8660,Таксисты,2024-08-20
8661,Мастера услуг,2024-12-04
8662,Курьеры,2024-12-26
8663,Мастера услуг,2024-12-16
8664,Фрилансеры,2024-09-12
8665,Фрилансеры,2024-08-12
8666,Таксисты,2024-08-28
8667,Курьеры,2025-01-06
8668,Таксисты,2024-12-25
8669,Курьеры,2024-08-11
8670,Курьеры,2024-08-16
8671,Курьеры,2024-10-04
8672,Таксисты,2024-10-18
8673,Курьеры,2024-11-13
8674,Таксисты,2024-10-27
8675,Таксисты,2024-10-09
8676,Фрилансеры,2024-08-03
8677,Фрилансеры,2024-09-08
8678,Фрилансеры,2024-12-15
8679,Курьеры,2024-11-02
8680,Таксисты,2024-10-04
8681,Курьеры,2024-08-10
8682,Курьеры,2024-11-30
8683,Таксисты,2024-12-16
8684,Мастера услуг,2024-11-14
8685,Курьеры,2025-01-02
8686,Фрилансеры,2024-11-15
8687,Курьеры,2025-01-09
8688,Фрилансеры,2024-09-22
8689,Курьеры,2024-09-12
8690,Мастера услуг,2025-01-08
8691,Курьеры,2024-11-07
8692,Мастера услуг,2024-11-15
8693,Курьеры,2024-12-12
8694,Курьеры,2024-10-06
8695,Курьеры,2024-08-14
8696,Фрилансеры,2024-10-16
8697,Таксисты,2024-09-04
8698,Курьеры,2024-11-15
8699,Таксисты,2025-01-16
8700,Мастера услуг,2024-11-25
8701,Курьеры,2024-08-20
8702,Мастера услуг,2024-12-25
8703,Мастера услуг,2024-08-17
8704,Таксисты,2024-12-13
8705,Мастера услуг,2024-12-23
8706,Курьеры,2024-12-02
8707,Мастера услуг,2024-08-24
8708,Курьеры,2024-12-22
8709,Таксисты,2024-08-28
8710,Фрилансеры,2024-10-15
8711,Мастера услуг,2025-01-11
8712,Курьеры,2024-10-22
8713,Курьеры,2024-08-19
8714,Курьеры,2024-09-22
8715,Таксисты,2024-09-01
8716,Курьеры,2024-08-13
8717,Таксисты,2024-10-16
8718,Мастера услуг,2024-09-05
8719,Таксисты,2024-10-25
8720,Курьеры,2024-08-01
8721,Таксисты,2025-01-19
8722,Фрилансеры,2024-09-20
8723,Фрилансеры,2024-10-02
8724,Мастера услуг,2024-12-30
8725,Курьеры,2024-09-14
8726,Мастера услуг,2024-08-29
8727,Мастера услуг,2024-09-17
8728,Курьеры,2024-09-01
8729,Таксисты,2024-10-21
8730,Мастера услуг,2024-09-09
8731,Таксисты,2025-01-17
8732,Курьеры,2025-01-26
8733,Таксисты,2024-10-22
8734,Мастера услуг,2024-09-18
8735,Курьеры,2024-12-12
8736,Мастера услуг,2024-08-09
8737,Мастера услуг,2024-10-13
8738,Мастера услуг,2024-09-03
8739,Таксисты,2024-09-28
8740,Мастера услуг,2024-08-22
8741,Курьеры,2024-09-01
8742,Таксисты,2024-09-14
8743,Мастера услуг,2024-10-09
8744,Мастера услуг,2024-08-08
8745,Курьеры,2024-12-29
8746,Мастера услуг,2024-11-23
8747,Фрилансеры,2025-01-21
8748,Таксисты,2024-12-16
8749,Фрилансеры,2024-08-30
8750,Мастера услуг,2024-09-30
8751,Таксисты,2024-09-20
8752,Мастера услуг,2024-10-31
8753,Мастера услуг,2025-01-07
8754,Фрилансеры,2024-08-31
8755,Курьеры,2024-09-15
8756,Таксисты,2024-10-22
8757,Таксисты,2024-09-10
8758,Таксисты,2024-10-03
8759,Фрилансеры,2024-12-22
8760,Мастера услуг,2024-08-13
8761,Курьеры,2025-01-07
8762,Таксисты,2024-11-28
8763,Мастера услуг,2025-01-09
8764,Курьеры,2024-12-15
8765,Фрилансеры,2024-11-13
8766,Курьеры,2024-08-03
8767,Мастера услуг,2024-08-01
8768,Фрилансеры,2024-09-11
8769,Курьеры,2024-12-20
8770,Курьеры,2024-11-29
8771,Фрилансеры,2024-09-06
8772,Фрилансеры,2024-11-29
8773,Таксисты,2024-08-18
8774,Таксисты,2024-08-16
8775,Курьеры,2024-10-06
8776,Курьеры,2025-01-16
8777,Курьеры,2024-11-05
8778,Таксисты,2024-12-20
8779,Таксисты,2024-08-26
8780,Фрилансеры,2025-01-12
8781,Курьеры,2024-11-08
8782,Мастера услуг,2024-09-01
8783,Курьеры,2024-09-08
8784,Курьеры,2024-08-09
8785,Курьеры,2024-12-09
8786,Таксисты,2024-09-21
8787,Фрилансеры,2024-11-16
8788,Курьеры,2024-09-06
8789,Курьеры,2024-12-13
8790,Курьеры,2025-01-10
8791,Фрилансеры,2025-01-03
8792,Таксисты,2024-12-07
8793,Таксисты,2024-09-30
8794,Курьеры,2024-11-02
8795,Таксисты,2024-08-31
8796,Таксисты,2024-12-30
8797,Мастера услуг,2024-12-17
8798,Мастера услуг,2024-09-12
8799,Фрилансеры,2024-11-23
8800,Мастера услуг,2024-08-10
8801,Мастера услуг,2024-12-18
8802,Фрилансеры,2024-08-04
8803,Курьеры,2024-09-09
8804,Мастера услуг,2024-11-20
8805,Курьеры,2025-01-17
8806,Таксисты,2024-08-04
8807,Мастера услуг,2024-12-05
8808,Таксисты,2024-10-28
8809,Фрилансеры,2025-01-18
8810,Таксисты,2024-12-07
8811,Таксисты,2024-12-03
8812,Таксисты,2024-12-25
8813,Курьеры,2024-10-05
8814,Мастера услуг,2024-08-13
8815,Курьеры,2024-12-24
8816,Таксисты,2024-08-18
8817,Курьеры,2024-11-02
8818,Фрилансеры,2024-09-12
8819,Таксисты,2024-10-12
8820,Курьеры,2024-10-21
8821,Курьеры,2024-09-14
8822,Фрилансеры,2024-09-26
8823,Курьеры,2024-11-25
8824,Таксисты,2024-12-01
8825,Курьеры,2024-11-13
8826,Курьеры,2024-08-07
8827,Таксисты,2024-09-03
8828,Мастера услуг,2024-12-26
8829,Курьеры,2024-11-23
8830,Таксисты,2025-01-23
8831,Фрилансеры,2024-10-25
8832,Курьеры,2024-08-22
8833,Курьеры,2025-01-17
8834,Таксисты,2024-12-27
8835,Фрилансеры,2024-09-11
8836,Таксисты,2024-08-19
8837,Таксисты,2024-08-12
8838,Таксисты,2025-01-07
8839,Мастера услуг,2025-01-02
8840,Фрилансеры,2025-01-23
8841,Курьеры,2024-11-08
8842,Курьеры,2024-08-26
8843,Курьеры,2024-08-30
8844,Курьеры,2024-11-29
8845,Фрилансеры,2025-01-17
8846,Курьеры,2024-11-28
8847,Курьеры,2024-12-27
8848,Мастера услуг,2024-12-25
8849,Таксисты,2024-12-23
8850,Курьеры,2024-09-23
8851,Курьеры,2024-10-25
8852,Курьеры,2024-10-27
8853,Таксисты,2024-12-19
8854,Таксисты,2024-09-02
8855,Курьеры,2025-01-13
8856,Курьеры,2024-12-17
8857,Мастера услуг,2024-09-15
8858,Курьеры,2024-11-21
8859,Курьеры,2024-09-21
8860,Курьеры,2024-11-29
8861,Курьеры,2024-12-02
8862,Курьеры,2024-10-01
8863,Курьеры,2024-10-25
8864,Мастера услуг,2025-01-21
8865,Фрилансеры,2024-11-24
8866,Фрилансеры,2025-01-12
8867,Мастера услуг,2024-12-24
8868,Таксисты,2024-12-28
8869,Таксисты,2024-09-14
8870,Таксисты,2024-09-09
8871,Фрилансеры,2024-11-03
8872,Фрилансеры,2024-10-10
8873,Мастера услуг,2024-10-01
8874,Фрилансеры,2024-09-01
8875,Фрилансеры,2024-11-09
8876,Таксисты,2024-09-19
8877,Мастера услуг,2024-08-31
8878,Таксисты,2024-09-13
8879,Курьеры,2024-10-17
8880,Таксисты,2024-12-05
8881,Мастера услуг,2024-09-10
8882,Фрилансеры,2025-01-02
8883,Фрилансеры,2024-08-22
8884,Курьеры,2024-12-18
8885,Фрилансеры,2024-08-21
8886,Курьеры,2024-11-12
8887,Курьеры,2024-08-24
8888,Таксисты,2024-12-02
8889,Курьеры,2024-11-25
8890,Мастера услуг,2024-11-23
8891,Фрилансеры,2024-11-04
8892,Курьеры,2024-08-12
8893,Мастера услуг,2024-09-21
8894,Фрилансеры,2024-09-16
8895,Мастера услуг,2024-11-04
8896,Курьеры,2024-10-27
8897,Мастера услуг,2024-12-26
8898,Мастера услуг,2024-11-16
8899,Курьеры,2024-11-28
8900,Курьеры,2024-10-06
8901,Фрилансеры,2024-10-29
8902,Мастера услуг,2024-10-21
8903,Фрилансеры,2024-11-14
8904,Курьеры,2024-11-24
8905,Мастера услуг,2024-12-16
8906,Мастера услуг,2025-01-11
8907,Фрилансеры,2025-01-02
8908,Мастера услуг,2024-12-06
8909,Фрилансеры,2024-11-23
8910,Курьеры,2024-09-06
8911,Таксисты,2024-08-26
8912,Курьеры,2024-08-10
8913,Фрилансеры,2024-08-28
8914,Фрилансеры,2025-01-11
8915,Курьеры,2025-01-01
8916,Таксисты,2024-12-21
8917,Фрилансеры,2024-11-10
8918,Курьеры,2024-12-29
8919,Фрилансеры,2024-08-09
8920,Курьеры,2024-09-28
8921,Курьеры,2024-08-20
8922,Курьеры,2025-01-25
8923,Курьеры,2024-12-09
8924,Мастера услуг,2025-01-19
8925,Курьеры,2024-08-13
8926,Мастера услуг,2024-08-22
8927,Таксисты,2024-12-20
8928,Мастера услуг,2025-01-26
8929,Курьеры,2024-09-17
8930,Курьеры,2025-01-15
8931,Курьеры,2024-11-25
8932,Таксисты,2024-11-05
8933,Курьеры,2024-09-22
8934,Таксисты,2024-08-13
8935,Курьеры,2025-01-20
8936,Фрилансеры,2024-12-28
8937,Мастера услуг,2024-11-12
8938,Курьеры,2024-09-15
8939,Мастера услуг,2024-09-22
8940,Фрилансеры,2024-12-01
8941,Курьеры,2024-09-13
8942,Мастера услуг,2025-01-19
8943,Мастера услуг,2024-08-24
8944,Таксисты,2024-10-12
8945,Мастера услуг,2024-11-30
8946,Фрилансеры,2024-10-31
8947,Курьеры,2024-09-17
8948,Фрилансеры,2024-11-15
8949,Фрилансеры,2024-08-04
8950,Мастера услуг,2024-09-15
8951,Курьеры,2024-12-15
8952,Таксисты,2024-08-20
8953,Курьеры,2024-10-29
8954,Курьеры,2024-08-03
8955,Фрилансеры,2025-01-18
8956,Курьеры,2024-12-14
8957,Фрилансеры,2024-12-08
8958,Курьеры,2025-01-04
8959,Курьеры,2024-09-27
8960,Мастера услуг,2025-01-08
8961,Таксисты,2024-11-15
8962,Фрилансеры,2024-09-01
8963,Мастера услуг,2024-11-25
8964,Курьеры,2024-08-01
8965,Мастера услуг,2024-08-13
8966,Курьеры,2024-11-23
8967,Фрилансеры,2025-01-04
8968,Курьеры,2024-11-07
8969,Мастера услуг,2025-01-16
8970,Курьеры,2024-10-05
8971,Таксисты,2024-11-06
8972,Таксисты,2024-11-05
8973,Курьеры,2025-01-01
8974,Фрилансеры,2024-10-15
8975,Фрилансеры,2024-08-12
8976,Таксисты,2025-01-27
8977,Фрилансеры,2024-11-12
8978,Курьеры,2024-11-12
8979,Мастера услуг,2024-10-15
8980,Фрилансеры,2024-11-06
8981,Курьеры,2025-01-05
8982,Курьеры,2025-01-09
8983,Курьеры,2024-12-04
8984,Курьеры,2024-10-05
8985,Курьеры,2024-08-30
8986,Мастера услуг,2025-01-01
8987,Мастера услуг,2024-09-24
8988,Курьеры,2024-09-29
8989,Мастера услуг,2024-11-29
8990,Фрилансеры,2024-12-20
8991,Мастера услуг,2024-11-20
8992,Таксисты,2025-01-23
8993,Курьеры,2025-01-08
8994,Фрилансеры,2024-12-15
8995,Курьеры,2024-12-08
8996,Фрилансеры,2024-09-26
8997,Курьеры,2024-10-06
8998,Курьеры,2025-01-13
8999,Таксисты,2024-12-02
9000,Курьеры,2024-10-25
